word,paper_root,matched_root,strongs,gloss,pieces_removed,rules_used,sound_matches
A-TA-I-*301-WA-JA,n-w-y,ʾ-w-y,H183,to wish for,second part of a compound (N07),N07 R01 R07,
A-TA-I-*301-WA-JA,n-w-y,ʾ-w-h,H183,to wish for,-JA (R48) + second part of a compound (N07),N07 R01 R07 R48,
A-TA-I-*301-WA-JA,n-w-y,ʾ-w-ṣ,H213,"to press; (by implication) to be close, hurry, withdraw",first part of a compound (N07),N04 N07 R01 R05 R07 R11,
A-TA-I-*301-WA-JA,n-w-y,ʾ-w-t,H225,"properly, to come, i.e. (implied) to assent",first part of a compound (N07),N04 N07 R01 R05 R07 R11,
A-TA-I-*301-WA-JA,n-w-y,ʾ-ḥ-d,H258,"to unify, i.e. (figuratively) collect (one's thoughts)",first part of a compound (N07),N07 R01 R05 R07 R11,
A-TA-I-*301-WA-JA,n-w-y,ʾ-n-h,H578,to groan,A- (R37) + TA- (R39) + first part of a compound (N07),N07 R01 R07 R25 R37 R39,
A-TA-I-*301-WA-JA,n-w-y,ʾ-n-ḥ,H584,to sigh,A- (R37) + TA- (R39) + first part of a compound (N07),N07 R01 R07 R21 R25 R37 R39,
A-TA-I-*301-WA-JA,n-w-y,ʾ-n-n,H596,"to mourn, i.e. complain",A- (R37) + TA- (R39) + first part of a compound (N07),N07 R01 R07 R08 R25 R37 R39,
A-TA-I-*301-WA-JA,n-w-y,ʾ-r-h,H717,to pluck,A- (R37) + TA- (R39) + first part of a compound (N07),N07 R01 R07 R24 R37 R39,
A-TA-I-*301-WA-JA,n-w-y,ʾ-r-y,H717,to pluck,A- (R37) + TA- (R39) + second part of a compound (N07),N07 R01 R07 R24 R37 R39,
A-TA-I-*301-WA-JA,n-w-y,ʾ-r-ḥ,H732,to travel,A- (R37) + TA- (R39) + first part of a compound (N07),N07 R01 R07 R24 R37 R39,
A-TA-I-*301-WA-JA,n-w-y,ʾ-t-h,H857,to arrive,first part of a compound (N07),N07 R01 R05 R07 R11,
A-TA-I-*301-WA-JA,n-w-y,d-ʾ-h,H1675,"to dart, i.e. fly rapidly",first part of a compound (N07),N07 R01 R02 R05 R07 R11,
A-TA-I-*301-WA-JA,n-w-y,d-w-h,H1738,to be sick (as if in menstruation),first part of a compound (N07),N04 N07 R01 R02 R05 R07 R11,
A-TA-I-*301-WA-JA,n-w-y,d-w-ḥ,H1740,"to thrust away; figuratively, to cleanse",first part of a compound (N07),N04 N07 R01 R02 R05 R07 R11,
A-TA-I-*301-WA-JA,n-w-y,d-ḥ-h,H1760,to push down,first part of a compound (N07),N07 R01 R02 R05 R07 R11,
A-TA-I-*301-WA-JA,n-w-y,h-d-h,H1911,to stretch forth the hand,first part of a compound (N07),N07 R01 R05 R07 R11,
A-TA-I-*301-WA-JA,n-w-y,h-w-ʾ,H1933,to be (in the sense of existence),-JA (R48) + second part of a compound (N07),N07 R01 R07 R48,
A-TA-I-*301-WA-JA,n-w-y,h-w-n,H1951,"properly, to be naught, i.e. (figuratively) to be (causatively, act) light",A- (R37) + TA- (R39) + first part of a compound (N07),N04 N07 R01 R07 R25 R37 R39,
A-TA-I-*301-WA-JA,n-w-y,h-y-h,H1961,"to exist, i.e. be or become, come to pass (always emphatic, and not a mere copula or auxiliary)",A- (R37) + TA- (R39) + second part of a compound (N07),N07 R01 R07 R37 R39,
A-TA-I-*301-WA-JA,n-w-y,h-y-y,H1961,"to exist, i.e. be or become, come to pass (always emphatic, and not a mere copula or auxiliary)",A- (R37) + TA- (R39) + second part of a compound (N07),N07 R01 R07 R08 R37 R39,
A-TA-I-*301-WA-JA,n-w-y,h-r-h,H2029,"to be (or become) pregnant, conceive (literally or figuratively)",A- (R37) + TA- (R39) + first part of a compound (N07),N07 R01 R07 R24 R37 R39,
A-TA-I-*301-WA-JA,n-w-y,h-r-y,H2029,"to be (or become) pregnant, conceive (literally or figuratively)",A- (R37) + TA- (R39) + second part of a compound (N07),N07 R01 R07 R24 R37 R39,
A-TA-I-*301-WA-JA,n-w-y,h-t-t,H2050,"properly, to break in upon, i.e. to assail",first part of a compound (N07),N07 R01 R05 R07 R08 R11,
A-TA-I-*301-WA-JA,n-w-y,ḥ-d-d,H2300,"to be (causatively, make) sharp or (figuratively) severe",first part of a compound (N07),N07 R01 R05 R07 R08 R11,
A-TA-I-*301-WA-JA,n-w-y,ḥ-d-h,H2302,to rejoice,first part of a compound (N07),N07 R01 R05 R07 R11,
A-TA-I-*301-WA-JA,n-w-y,ḥ-w-d,H2330,"properly, to tie a knot, i.e. (figuratively) to propound a riddle",first part of a compound (N07),N04 N07 R01 R05 R07 R11,
A-TA-I-*301-WA-JA,n-w-y,ḥ-w-y,H2331,"properly, to live; by implication (intensively) to declare or show",second part of a compound (N07),N07 R01 R07 R21,
A-TA-I-*301-WA-JA,n-w-y,ḥ-w-h,H2331,"properly, to live; by implication (intensively) to declare or show",-JA (R48) + second part of a compound (N07),N07 R01 R07 R21 R48,
A-TA-I-*301-WA-JA,n-w-y,ḥ-w-š,H2363,"to hurry; figuratively, to be eager with excitement or enjoyment",first part of a compound (N07),N04 N07 R01 R05 R07 R11,ṯ=š
A-TA-I-*301-WA-JA,n-w-y,ḥ-ṭ-ʾ,H2398,"properly, to miss; hence (figuratively and generally) to sin; by inference, to forfeit, lack, expiate, repent, (causatively) lead astray, condemn",first part of a compound (N07),N07 R01 R05 R07 R11,
A-TA-I-*301-WA-JA,n-w-y,ḥ-y-h,H2421,"to live, whether literally or figuratively; causatively, to revive",A- (R37) + TA- (R39) + second part of a compound (N07),N07 R01 R07 R21 R37 R39,
A-TA-I-*301-WA-JA,n-w-y,ḥ-y-y,H2421,"to live, whether literally or figuratively; causatively, to revive",A- (R37) + TA- (R39) + second part of a compound (N07),N07 R01 R07 R08 R21 R37 R39,
A-TA-I-*301-WA-JA,n-w-y,ḥ-n-h,H2583,"properly, to incline; by implication, to decline (of the slanting rays of evening); specifically, to pitch atent; gen. to encamp (for abode or siege)",A- (R37) + TA- (R39) + first part of a compound (N07),N07 R01 R07 R25 R37 R39,
A-TA-I-*301-WA-JA,n-w-y,ḥ-n-n,H2603,"properly, to bend or stoop in kindness to an inferior; to favor, bestow; causatively to implore (i.e. move to favor by petition)",A- (R37) + TA- (R39) + first part of a compound (N07),N07 R01 R07 R08 R25 R37 R39,
A-TA-I-*301-WA-JA,n-w-y,ḥ-s-d,H2616,"properly, perhaps to bow (the neck only  in courtesy to an equal), i.e. to be kind; also (by euphemistically, but rarely) to reprove",first part of a compound (N07),N07 R01 R05 R07 R11 R22,
A-TA-I-*301-WA-JA,n-w-y,ḥ-s-h,H2620,"to flee for protection; figuratively, to confide in",A- (R37) + TA- (R39) + first part of a compound (N07),N07 R01 R07 R22 R37 R39,
A-TA-I-*301-WA-JA,n-w-y,ḥ-s-y,H2620,"to flee for protection; figuratively, to confide in",A- (R37) + TA- (R39) + second part of a compound (N07),N07 R01 R07 R21 R22 R37 R39,
A-TA-I-*301-WA-JA,n-w-y,ḥ-s-n,H2630,"properly, to (be) compact; by implication, to hoard",A- (R37) + TA- (R39) + first part of a compound (N07),N07 R01 R07 R22 R25 R37 R39,
A-TA-I-*301-WA-JA,n-w-y,ḥ-ṣ-h,H2673,to cut or split in two; to halve,first part of a compound (N07),N07 R01 R05 R07 R11,
A-TA-I-*301-WA-JA,n-w-y,ḥ-ṣ-ṣ,H2686,"properly, to chop into, pierce or sever; hence, to curtail, to distribute (into ranks);  to shoot an arrow",first part of a compound (N07),N07 R01 R05 R07 R08 R11,
A-TA-I-*301-WA-JA,n-w-y,ḥ-r-d,H2729,"to shudder with terror; hence, to fear; also to hasten (with anxiety)",first part of a compound (N07),N07 R01 R05 R07 R11 R24,
A-TA-I-*301-WA-JA,n-w-y,ḥ-r-h,H2734,"to glow or grow warm; figuratively (usually) to blaze up, of anger, zeal, jealousy",A- (R37) + TA- (R39) + first part of a compound (N07),N07 R01 R07 R24 R37 R39,
A-TA-I-*301-WA-JA,n-w-y,ḥ-r-y,H2734,"to glow or grow warm; figuratively (usually) to blaze up, of anger, zeal, jealousy",A- (R37) + TA- (R39) + second part of a compound (N07),N07 R01 R07 R21 R24 R37 R39,
A-TA-I-*301-WA-JA,n-w-y,ḥ-r-ṭ,H2747,a chisel or graver; also a style forwriting,first part of a compound (N07),N07 R01 R05 R07 R11 R24,
A-TA-I-*301-WA-JA,n-w-y,ḥ-r-ṣ,H2782,"properly, to point sharply, i.e. (literally) to wound; figuratively, to be alert, to decide",first part of a compound (N07),N07 R01 R05 R07 R11 R24,
A-TA-I-*301-WA-JA,n-w-y,ḥ-r-š,H2790,"to scratch, i.e. (by implication) to engrave, plough; hence (from the use of tools) to fabricate (of any material); figuratively, to devise (in a bad sense); hence (from the idea of secrecy) to be silent, to let alone; hence (by implication) to be deaf (as an accompaniment of dumbness)",first part of a compound (N07),N07 R01 R05 R07 R11 R24,ṯ=š
A-TA-I-*301-WA-JA,n-w-y,ḥ-r-t,H2801,to engrave,first part of a compound (N07),N07 R01 R05 R07 R11 R24,
A-TA-I-*301-WA-JA,n-w-y,ḥ-š-h,H2814,to hush or keep quiet,first part of a compound (N07),N07 R01 R05 R07 R11,ṯ=š
A-TA-I-*301-WA-JA,n-w-y,ḥ-t-h,H2846,to lay hold of; especially to pick up fire,first part of a compound (N07),N07 R01 R05 R07 R11,
A-TA-I-*301-WA-JA,n-w-y,ḥ-t-n,H2859,to give (a daughter) away in marriage; hence (generally) to contract affinity by marriage,first part of a compound (N07),N07 R01 R02 R05 R07 R11 R25,
A-TA-I-*301-WA-JA,n-w-y,ḥ-t-t,H2865,"properly, to prostrate; hence, to break down, either (literally) by violence, or (figuratively) by confusion and fear",first part of a compound (N07),N07 R01 R05 R07 R08 R11,
A-TA-I-*301-WA-JA,n-w-y,ṭ-w-ʾ,H2894,to sweep away,first part of a compound (N07),N04 N07 R01 R02 R05 R07 R11,
A-TA-I-*301-WA-JA,n-w-y,ṭ-w-h,H2901,to spin,first part of a compound (N07),N04 N07 R01 R02 R05 R07 R11,
A-TA-I-*301-WA-JA,n-w-y,ṭ-w-ḥ,H2902,"to smear, especially with lime",first part of a compound (N07),N04 N07 R01 R02 R05 R07 R11,
A-TA-I-*301-WA-JA,n-w-y,ṭ-ḥ-h,H2909,"to stretch a bow, as an archer",first part of a compound (N07),N07 R01 R02 R05 R07 R11,
A-TA-I-*301-WA-JA,n-w-y,ṭ-ḥ-n,H2912,"to grind meal; hence, to be aconcubine (that being their employment)",first part of a compound (N07),N07 R01 R02 R05 R07 R11 R25,
A-TA-I-*301-WA-JA,n-w-y,ṭ-ʿ-h,H2937,to wander; causatively to lead astray,first part of a compound (N07),N07 R01 R02 R05 R07 R11,
A-TA-I-*301-WA-JA,n-w-y,ṭ-ʿ-n,H2943,to load a beast,first part of a compound (N07),N07 R01 R02 R05 R07 R11 R25,
A-TA-I-*301-WA-JA,n-w-y,ṭ-r-ḥ,H2959,to overburden,first part of a compound (N07),N07 R01 R02 R05 R07 R11 R24,
A-TA-I-*301-WA-JA,n-w-y,y-ʾ-h,H2969,to be suitable,A- (R37) + TA- (R39) + second part of a compound (N07),N07 R01 R07 R37 R39,
A-TA-I-*301-WA-JA,n-w-y,y-ʾ-y,H2969,to be suitable,A- (R37) + TA- (R39) + second part of a compound (N07),N07 R01 R07 R37 R39 R62,
A-TA-I-*301-WA-JA,n-w-y,y-ʾ-š,H2976,"to desist, i.e. (figuratively) to despond",first part of a compound (N07),N07 R01 R05 R07 R11 R62,ṯ=š
A-TA-I-*301-WA-JA,n-w-y,y-d-d,H3032,"properly, to handle, i.e. to throw, e.g. lots",first part of a compound (N07),N07 R01 R02 R05 R08 R11 R62,
A-TA-I-*301-WA-JA,n-w-y,y-d-h,H3034,"physically, to throw (a stone, an arrow) at or away; especially to revere or worship (with extended hands); intensively, to bemoan (by wringing the hands)",first part of a compound (N07),N07 R01 R02 R05 R07 R11 R62,
A-TA-I-*301-WA-JA,n-w-y,y-d-ʿ,H3045,"to know (properly, to ascertain by seeing); used in a great variety of senses, figuratively, literally, euphemistically and inferentially (including observation, care, recognition; and causatively, instruction, designation, punishment, etc.)",first part of a compound (N07),N07 R01 R02 R05 R07 R11 R62,
A-TA-I-*301-WA-JA,n-w-y,y-ḥ-d,H3161,to be (or become) one,first part of a compound (N07),N07 R01 R05 R07 R11 R62,
A-TA-I-*301-WA-JA,n-w-y,y-n-h,H3238,"to rage or be violent; by implication, to suppress, to maltreat",A- (R37) + TA- (R39) + first part of a compound (N07),N07 R01 R02 R07 R25 R37 R39 R62,
A-TA-I-*301-WA-JA,n-w-y,y-n-ḥ,H3240,"to deposit; by implication, to allow to stay",A- (R37) + TA- (R39) + first part of a compound (N07),N07 R01 R02 R07 R21 R25 R37 R39 R62,
A-TA-I-*301-WA-JA,n-w-y,y-s-d,H3245,"to set (literally or figuratively); intensively, to found; reflexively, to sit down together, i.e. settle, consult",first part of a compound (N07),N07 R01 R02 R05 R11 R22 R62,
A-TA-I-*301-WA-JA,n-w-y,y-ʿ-d,H3259,"to fix upon (by agreement or appointment); by implication, to meet (at a stated time), to summon (to trial), to direct (in a certain quarter or position), to engage (for marriage)",first part of a compound (N07),N07 R01 R05 R07 R11 R62,
A-TA-I-*301-WA-JA,n-w-y,y-ʿ-h,H3261,to brush aside,A- (R37) + TA- (R39) + second part of a compound (N07),N07 R01 R07 R37 R39,
A-TA-I-*301-WA-JA,n-w-y,y-ʿ-y,H3261,to brush aside,A- (R37) + TA- (R39) + second part of a compound (N07),N07 R01 R07 R37 R39 R62,
A-TA-I-*301-WA-JA,n-w-y,y-ʿ-ṭ,H3271,to clothe,first part of a compound (N07),N07 R01 R05 R07 R11 R62,
A-TA-I-*301-WA-JA,n-w-y,y-ʿ-ṣ,H3289,"to advise; reflexively, to deliberate or resolve",first part of a compound (N07),N07 R01 R05 R07 R11 R62,
A-TA-I-*301-WA-JA,n-w-y,y-ṣ-ʾ,H3318,"to go (causatively, bring) out, in a great variety of applications, literally and figuratively, direct and proxim.",first part of a compound (N07),N07 R01 R02 R05 R07 R11 R62,
A-TA-I-*301-WA-JA,n-w-y,y-ṣ-ʿ,H3331,to strew as a surface,first part of a compound (N07),N07 R01 R02 R05 R07 R11 R62,
A-TA-I-*301-WA-JA,n-w-y,y-r-ʾ,H3372,"to fear; morally, to revere; caus. to frighten",A- (R37) + TA- (R39) + second part of a compound (N07),N07 R01 R07 R24 R37 R39,
A-TA-I-*301-WA-JA,n-w-y,y-r-d,H3381,"to descend (literally, to go downwards; or conventionally to a lower region, as the shore, a boundary, the enemy, etc.; or figuratively, to fall); causatively, to bring down (in all the above applications)",first part of a compound (N07),N07 R01 R02 R05 R11 R24 R62,
A-TA-I-*301-WA-JA,n-w-y,y-r-h,H3384,"properly, to flow as water (i.e. to rain); transitively, to lay or throw (especially an arrow, i.e. to shoot); figuratively, to point out (as if by aiming the finger), to teach",A- (R37) + TA- (R39) + second part of a compound (N07),N07 R01 R07 R24 R37 R39,
A-TA-I-*301-WA-JA,n-w-y,y-r-y,H3384,"properly, to flow as water (i.e. to rain); transitively, to lay or throw (especially an arrow, i.e. to shoot); figuratively, to point out (as if by aiming the finger), to teach",A- (R37) + TA- (R39) + second part of a compound (N07),N07 R01 R24 R37 R39 R62,
A-TA-I-*301-WA-JA,n-w-y,y-r-ṭ,H3399,to precipitate or hurl (rush) headlong; (intransitively) to be rash,first part of a compound (N07),N07 R01 R02 R05 R11 R24 R62,
A-TA-I-*301-WA-JA,n-w-y,y-r-ʿ,H3415,"properly, to be broken up (with any violent action) i.e. (figuratively) to fear",A- (R37) + TA- (R39) + second part of a compound (N07),N07 R01 R07 R24 R37 R39,
A-TA-I-*301-WA-JA,n-w-y,y-r-š,H3423,"to occupy (by driving out previous tenants, and possessing in their place); by implication, to seize, to rob, to inherit; also to expel, to impoverish, to ruin",first part of a compound (N07),N07 R01 R02 R05 R11 R24 R62,ṯ=š
A-TA-I-*301-WA-JA,n-w-y,y-š-n,H3462,"properly, to be slack or languid, i.e. (by implication) sleep (figuratively, to die); also to grow old, stale or inveterate",first part of a compound (N07),N07 R01 R02 R05 R11 R25 R62,ṯ=š
A-TA-I-*301-WA-JA,n-w-y,y-š-ʿ,H3467,"properly, to be open, wide or free, i.e. (by implication) to be safe; causatively, to free or succor",first part of a compound (N07),N07 R01 R02 R05 R07 R11 R62,ṯ=š
A-TA-I-*301-WA-JA,n-w-y,n-ʾ-h,H4998,"properly, to be at home, i.e. (by implication) to be pleasant (or suitable), i.e. beautiful",A- (R37) + TA- (R39) + first part of a compound (N07),N07 R01 R02 R07 R25 R37 R39,
A-TA-I-*301-WA-JA,n-w-y,n-h-h,H5091,"to groan, i.e. bewail; hence (through the idea of crying aloud), to assemble (as if on proclamation)",A- (R37) + TA- (R39) + first part of a compound (N07),N07 R01 R02 R07 R25 R37 R39,
A-TA-I-*301-WA-JA,n-w-y,n-w-ʾ,H5106,"to refuse, forbid, dissuade, or neutralize",-JA (R48) + A- (R37) + TA- (R39),R01 R02 R07 R25 R37 R39 R48,
A-TA-I-*301-WA-JA,n-w-y,n-w-y,H5115,"to rest (as at home); causatively (through the implied idea of beauty ), to celebrate (with praises)",A- (R37) + TA- (R39),R01 R02 R25 R37 R39,
A-TA-I-*301-WA-JA,n-w-y,n-w-h,H5115,"to rest (as at home); causatively (through the implied idea of beauty ), to celebrate (with praises)",-JA (R48) + A- (R37) + TA- (R39),R01 R02 R07 R25 R37 R39 R48,
A-TA-I-*301-WA-JA,n-w-y,n-w-ḥ,H5117,"to rest, i.e. settle down; used in a great variety of applications, literal and figurative, intransitive, transitive and causative (to dwell, stay, let fall, place, let alone, withdraw, give comfort, etc.)",-JA (R48) + A- (R37) + TA- (R39),R01 R02 R07 R21 R25 R37 R39 R48,
A-TA-I-*301-WA-JA,n-w-y,n-w-ʿ,H5128,"to waver, in a great variety of applications, literally and figuratively (as subjoined)",-JA (R48) + A- (R37) + TA- (R39),R01 R02 R07 R25 R37 R39 R48,
A-TA-I-*301-WA-JA,n-w-y,n-ḥ-h,H5148,"to guide; by implication, to transport (into exile, or as colonists)",A- (R37) + TA- (R39) + first part of a compound (N07),N07 R01 R02 R07 R21 R25 R37 R39,
A-TA-I-*301-WA-JA,n-w-y,n-s-h,H5254,"to test; by implication, to attempt",A- (R37) + TA- (R39) + first part of a compound (N07),N07 R01 R02 R07 R22 R25 R37 R39,
A-TA-I-*301-WA-JA,n-w-y,n-s-ḥ,H5255,to tear away,A- (R37) + TA- (R39) + first part of a compound (N07),N07 R01 R02 R07 R21 R22 R25 R37 R39,
A-TA-I-*301-WA-JA,n-w-y,n-s-ʿ,H5265,"properly, to pull up, especially the tent-pins, i.e. start on ajourney",A- (R37) + TA- (R39) + first part of a compound (N07),N07 R01 R02 R07 R22 R25 R37 R39,
A-TA-I-*301-WA-JA,n-w-y,s-ʾ-n,H5431,"to shoe, i.e. (active participle) a soldier shod",A- (R37) + TA- (R39) + first part of a compound (N07),N07 R01 R07 R22 R25 R37 R39,
A-TA-I-*301-WA-JA,n-w-y,s-ḥ-h,H5500,to sweep away,A- (R37) + TA- (R39) + first part of a compound (N07),N07 R01 R07 R22 R37 R39,
A-TA-I-*301-WA-JA,n-w-y,s-ḥ-y,H5500,to sweep away,A- (R37) + TA- (R39) + second part of a compound (N07),N07 R01 R07 R21 R22 R37 R39,
A-TA-I-*301-WA-JA,n-w-y,s-ʿ-d,H5582,to suport (mostly figurative),first part of a compound (N07),N07 R01 R05 R07 R11 R22,
A-TA-I-*301-WA-JA,n-w-y,s-ʿ-h,H5584,to rush,A- (R37) + TA- (R39) + first part of a compound (N07),N07 R01 R07 R22 R37 R39,
A-TA-I-*301-WA-JA,n-w-y,s-ʿ-y,H5584,to rush,A- (R37) + TA- (R39) + second part of a compound (N07),N07 R01 R07 R22 R37 R39,
A-TA-I-*301-WA-JA,n-w-y,s-r-d,H5624,"Sered, an Israelite",first part of a compound (N07),N07 R01 R02 R05 R11 R22 R24,
A-TA-I-*301-WA-JA,n-w-y,s-r-ḥ,H5628,to extend (even to excess),A- (R37) + TA- (R39) + first part of a compound (N07),N07 R01 R07 R22 R24 R37 R39,
A-TA-I-*301-WA-JA,n-w-y,ʿ-d-h,H5710,"to advance, i.e. pass on or continue; causatively, to remove; specifically, to bedeck (i.e. bring an ornament upon)",first part of a compound (N07),N07 R01 R05 R07 R11,
A-TA-I-*301-WA-JA,n-w-y,ʿ-d-n,H5727,"to be soft or pleasant; figuratively and reflexively, to live voluptuously",first part of a compound (N07),N07 R01 R02 R05 R07 R11 R25,
A-TA-I-*301-WA-JA,n-w-y,ʿ-w-d,H5749,"to duplicate or repeat; by implication, to protest, testify (as by reiteration); intensively, to encompass, restore (as a sort of reduplication)",first part of a compound (N07),N04 N07 R01 R05 R07 R11,
A-TA-I-*301-WA-JA,n-w-y,ʿ-w-y,H5753,"to crook, literally or figuratively",second part of a compound (N07),N07 R01 R07,
A-TA-I-*301-WA-JA,n-w-y,ʿ-w-h,H5753,"to crook, literally or figuratively",-JA (R48) + second part of a compound (N07),N07 R01 R07 R48,
A-TA-I-*301-WA-JA,n-w-y,ʿ-w-ṣ,H5779,to consult,first part of a compound (N07),N04 N07 R01 R05 R07 R11,
A-TA-I-*301-WA-JA,n-w-y,ʿ-w-š,H5789,to hasten,first part of a compound (N07),N04 N07 R01 R05 R07 R11,ṯ=š
A-TA-I-*301-WA-JA,n-w-y,ʿ-w-t,H5791,to wrest,first part of a compound (N07),N04 N07 R01 R05 R07 R11,
A-TA-I-*301-WA-JA,n-w-y,ʿ-ṭ-h,H5844,"to wrap, i.e. cover, veil, cloth, or roll",first part of a compound (N07),N07 R01 R05 R07 R11,
A-TA-I-*301-WA-JA,n-w-y,ʿ-n-h,H6030,"properly, to eye or (generally) to heed, i.e. pay attention; by implication, to respond; by extension to begin to speak; specifically to sing, shout, testify, announce",A- (R37) + TA- (R39) + first part of a compound (N07),N07 R01 R07 R25 R37 R39,
A-TA-I-*301-WA-JA,n-w-y,ʿ-n-n,H6049,"figuratively, to act covertly, i.e. practise magic",A- (R37) + TA- (R39) + first part of a compound (N07),N07 R01 R07 R08 R25 R37 R39,
A-TA-I-*301-WA-JA,n-w-y,ʿ-ṣ-h,H6095,"properly, to fasten (or make firm), i.e. to close (the eyes)",first part of a compound (N07),N07 R01 R05 R07 R11,
A-TA-I-*301-WA-JA,n-w-y,ʿ-r-h,H6168,"to be (causatively, make) bare; hence, to empty, pour out, demolish",A- (R37) + TA- (R39) + first part of a compound (N07),N07 R01 R07 R24 R37 R39,
A-TA-I-*301-WA-JA,n-w-y,ʿ-r-y,H6168,"to be (causatively, make) bare; hence, to empty, pour out, demolish",A- (R37) + TA- (R39) + second part of a compound (N07),N07 R01 R07 R24 R37 R39,
A-TA-I-*301-WA-JA,n-w-y,ʿ-r-ṣ,H6206,"to awe or (intransitive) to dread; hence, to harass",first part of a compound (N07),N07 R01 R05 R07 R11 R24,
A-TA-I-*301-WA-JA,n-w-y,ʿ-š-n,H6225,"to smoke, whether literal or figurative",first part of a compound (N07),N07 R01 R02 R05 R07 R11 R25,ṯ=š
A-TA-I-*301-WA-JA,n-w-y,ʿ-š-š,H6244,"probably to shrink, i.e. fail",first part of a compound (N07),N07 R01 R05 R07 R08 R11,ṯ=š
A-TA-I-*301-WA-JA,n-w-y,ṣ-w-h,H6680,"(intensively) to constitute, enjoin",first part of a compound (N07),N04 N07 R01 R02 R05 R07 R11,
A-TA-I-*301-WA-JA,n-w-y,ṣ-w-ḥ,H6681,to screech (exultingly),first part of a compound (N07),N04 N07 R01 R02 R05 R07 R11,
A-TA-I-*301-WA-JA,n-w-y,ṣ-ḥ-ḥ,H6705,"to glare, i.e. be dazzling white",first part of a compound (N07),N07 R01 R02 R05 R07 R11 R21,
A-TA-I-*301-WA-JA,n-w-y,ṣ-n-ḥ,H6795,"to alight; (transitive) to cause to descend, i.e. drive down",first part of a compound (N07),N07 R01 R02 R05 R07 R11 R21 R25,
A-TA-I-*301-WA-JA,n-w-y,ṣ-n-ʿ,H6800,to humiliate,first part of a compound (N07),N07 R01 R02 R05 R07 R11 R25,
A-TA-I-*301-WA-JA,n-w-y,ṣ-ʿ-h,H6808,"to tip over (for the purpose of spilling or pouring out), i.e. (figuratively) depopulate; by implication, to imprison or conquer; (reflexive) to lie down (for coitus)",first part of a compound (N07),N07 R01 R02 R05 R07 R11,
A-TA-I-*301-WA-JA,n-w-y,ṣ-ʿ-n,H6813,"to load up (beasts), i.e. to migrate",first part of a compound (N07),N07 R01 R02 R05 R07 R11 R25,
A-TA-I-*301-WA-JA,n-w-y,ṣ-r-ḥ,H6873,"to be clear (in tone, i.e. shrill), i.e. to whoop",first part of a compound (N07),N07 R01 R02 R05 R07 R11 R24,
A-TA-I-*301-WA-JA,n-w-y,ṣ-r-ʿ,H6879,"to scourge, i.e. (intransitive and figurative) to be stricken with leprosy",first part of a compound (N07),N07 R01 R02 R05 R07 R11 R24,
A-TA-I-*301-WA-JA,n-w-y,r-ʾ-h,H7200,"to see, literally or figuratively (in numerous applications, direct and implied, transitive, intransitive and causative)",A- (R37) + TA- (R39) + first part of a compound (N07),N07 R01 R07 R24 R37 R39,
A-TA-I-*301-WA-JA,n-w-y,r-ʾ-y,H7200,"to see, literally or figuratively (in numerous applications, direct and implied, transitive, intransitive and causative)",A- (R37) + TA- (R39) + second part of a compound (N07),N07 R01 R07 R24 R37 R39,
A-TA-I-*301-WA-JA,n-w-y,r-d-d,H7286,"to tread in pieces, i.e. (figuratively) to conquer, or (specifically) to overlay",first part of a compound (N07),N07 R01 R02 R05 R08 R11 R24,
A-TA-I-*301-WA-JA,n-w-y,r-d-h,H7287,"to tread down, i.e. subjugate; specifically, to crumble off",first part of a compound (N07),N07 R01 R02 R05 R07 R11 R24,
A-TA-I-*301-WA-JA,n-w-y,r-h-h,H7297,to fear,A- (R37) + TA- (R39) + first part of a compound (N07),N07 R01 R07 R24 R37 R39,
A-TA-I-*301-WA-JA,n-w-y,r-h-y,H7297,to fear,A- (R37) + TA- (R39) + second part of a compound (N07),N07 R01 R07 R24 R37 R39,
A-TA-I-*301-WA-JA,n-w-y,r-w-d,H7300,"to tramp about, i.e. ramble (free or disconsolate)",first part of a compound (N07),N04 N07 R01 R02 R05 R11 R24,
A-TA-I-*301-WA-JA,n-w-y,r-w-y,H7301,to slake the thirst (occasionally of other appetites),second part of a compound (N07),N07 R01 R24,
A-TA-I-*301-WA-JA,n-w-y,r-w-h,H7301,to slake the thirst (occasionally of other appetites),-JA (R48) + second part of a compound (N07),N07 R01 R07 R24 R48,
A-TA-I-*301-WA-JA,n-w-y,r-w-ḥ,H7304,"properly, to breathe freely, i.e. revive; by implication, to have ample room",-JA (R48) + second part of a compound (N07),N07 R01 R07 R21 R24 R48,
A-TA-I-*301-WA-JA,n-w-y,r-w-ʿ,H7321,"to mar (especially by breaking); figuratively, to split the ears (with sound), i.e. shout (for alarm or joy)",-JA (R48) + second part of a compound (N07),N07 R01 R07 R24 R48,
A-TA-I-*301-WA-JA,n-w-y,r-w-ṣ,H7323,"to run (for whatever reason, especially to rush)",first part of a compound (N07),N04 N07 R01 R02 R05 R11 R24,
A-TA-I-*301-WA-JA,n-w-y,r-w-š,H7326,to be destitute,first part of a compound (N07),N04 N07 R01 R02 R05 R11 R24,ṯ=š
A-TA-I-*301-WA-JA,n-w-y,r-ḥ-ṣ,H7364,to lave (the whole or a part of a thing),first part of a compound (N07),N07 R01 R05 R07 R11 R24,
A-TA-I-*301-WA-JA,n-w-y,r-ḥ-š,H7370,to gush,first part of a compound (N07),N07 R01 R05 R07 R11 R24,ṯ=š
A-TA-I-*301-WA-JA,n-w-y,r-n-h,H7439,to whiz,A- (R37) + TA- (R39) + first part of a compound (N07),N07 R01 R02 R07 R24 R25 R37 R39,
A-TA-I-*301-WA-JA,n-w-y,r-n-n,H7442,"properly, to creak (or emit a stridulous sound), i.e. to shout (usually for joy)",A- (R37) + TA- (R39) + first part of a compound (N07),N07 R01 R02 R08 R24 R25 R37 R39,
A-TA-I-*301-WA-JA,n-w-y,r-ʿ-d,H7460,to shudder (more or less violently),first part of a compound (N07),N07 R01 R05 R07 R11 R24,
A-TA-I-*301-WA-JA,n-w-y,r-ʿ-h,H7462,"to tend a flock; i.e. pasture it; intransitively, to graze (literally or figuratively); generally to rule; by extension, to associate with (as a friend)",A- (R37) + TA- (R39) + first part of a compound (N07),N07 R01 R07 R24 R37 R39,
A-TA-I-*301-WA-JA,n-w-y,r-ʿ-y,H7462,"to tend a flock; i.e. pasture it; intransitively, to graze (literally or figuratively); generally to rule; by extension, to associate with (as a friend)",A- (R37) + TA- (R39) + second part of a compound (N07),N07 R01 R07 R24 R37 R39,
A-TA-I-*301-WA-JA,n-w-y,r-ʿ-ʿ,H7489,"properly, to spoil (literally, by breaking to pieces); figuratively, to make (or be) good fornothing, i.e. bad (physically, socially or morally)",A- (R37) + TA- (R39) + first part of a compound (N07),N07 R01 R07 R24 R37 R39,
A-TA-I-*301-WA-JA,n-w-y,r-ʿ-ṣ,H7492,"to break in pieces; figuratively, harass",first part of a compound (N07),N07 R01 R05 R07 R11 R24,
A-TA-I-*301-WA-JA,n-w-y,r-ʿ-š,H7493,"to undulate (as the earth, the sky, etc.; also a field of grain), particularly through fear; specifically, to spring (as a locust)",first part of a compound (N07),N07 R01 R05 R07 R11 R24,ṯ=š
A-TA-I-*301-WA-JA,n-w-y,r-ṣ-ʾ,H7519,to run; also to delight in,first part of a compound (N07),N07 R01 R02 R05 R07 R11 R24,
A-TA-I-*301-WA-JA,n-w-y,r-ṣ-h,H7521,"to be pleased with; specifically, to satisfy adebt",first part of a compound (N07),N07 R01 R02 R05 R07 R11 R24,
A-TA-I-*301-WA-JA,n-w-y,r-ṣ-ḥ,H7523,"properly, to dash in pieces, i.e. kill (a human being), especially to murder",first part of a compound (N07),N07 R01 R02 R05 R07 R11 R24,
A-TA-I-*301-WA-JA,n-w-y,r-ṣ-ʿ,H7527,to pierce,first part of a compound (N07),N07 R01 R02 R05 R07 R11 R24,
A-TA-I-*301-WA-JA,n-w-y,r-ṣ-ṣ,H7533,"to crack in pieces, literally or figuratively",first part of a compound (N07),N07 R01 R02 R05 R08 R11 R24,
A-TA-I-*301-WA-JA,n-w-y,r-š-ʿ,H7561,"to be (causatively, do or declare) wrong; by implication, to disturb, violate",first part of a compound (N07),N07 R01 R02 R05 R07 R11 R24,ṯ=š
A-TA-I-*301-WA-JA,n-w-y,r-š-š,H7567,to demolish,first part of a compound (N07),N07 R01 R02 R05 R08 R11 R24,ṯ=š
A-TA-I-*301-WA-JA,n-w-y,r-t-ḥ,H7570,to boil,first part of a compound (N07),N07 R01 R02 R05 R07 R11 R24,
A-TA-I-*301-WA-JA,n-w-y,š-ʾ-h,H7582,"to rush; by implication, to desolate",first part of a compound (N07),N07 R01 R02 R05 R07 R11,ṯ=š
A-TA-I-*301-WA-JA,n-w-y,š-ʾ-n,H7599,"to loll, i.e. be peaceful",first part of a compound (N07),N07 R01 R02 R05 R07 R11 R25,ṯ=š
A-TA-I-*301-WA-JA,n-w-y,š-w-h,H7737,"properly, to level, i.e. equalize; figuratively, to resemble; by implication, to adjust (i.e. counterbalance, be suitable, compose, place, yield, etc.)",first part of a compound (N07),N04 N07 R01 R02 R05 R07 R11,ṯ=š
A-TA-I-*301-WA-JA,n-w-y,š-w-ḥ,H7743,"to sink, literally or figuratively",first part of a compound (N07),N04 N07 R01 R02 R05 R07 R11,ṯ=š
A-TA-I-*301-WA-JA,n-w-y,š-w-ʿ,H7768,"properly, to be free; but used only causatively and reflexively, to halloo (for help, i.e. freedom from some trouble)",first part of a compound (N07),N04 N07 R01 R02 R05 R07 R11,ṯ=š
A-TA-I-*301-WA-JA,n-w-y,š-ḥ-h,H7812,"to depress, i.e. prostrate (especially reflexive, in homage to royalty or God)",first part of a compound (N07),N07 R01 R02 R05 R07 R11,ṯ=š
A-TA-I-*301-WA-JA,n-w-y,š-ḥ-ḥ,H7817,to sink or depress (reflexive or causative),first part of a compound (N07),N07 R01 R02 R05 R07 R11 R21,ṯ=š
A-TA-I-*301-WA-JA,n-w-y,š-n-ʾ,H8132,to alter,first part of a compound (N07),N07 R01 R02 R05 R07 R11 R25,ṯ=š
A-TA-I-*301-WA-JA,n-w-y,š-n-h,H8138,"to fold, i.e. duplicate (literally or figuratively); by implication, to transmute (transitive or intransitive)",first part of a compound (N07),N07 R01 R02 R05 R07 R11 R25,ṯ=š
A-TA-I-*301-WA-JA,n-w-y,š-n-n,H8150,"to point (transitive or intransitive); intensively, to pierce; figuratively, to inculcate",first part of a compound (N07),N07 R01 R02 R05 R08 R11 R25,ṯ=š
A-TA-I-*301-WA-JA,n-w-y,š-s-h,H8154,to plunder,first part of a compound (N07),N07 R01 R02 R05 R07 R11 R22,ṯ=š
A-TA-I-*301-WA-JA,n-w-y,š-s-ʿ,H8156,"to split or tear; figuratively, to upbraid",first part of a compound (N07),N07 R01 R02 R05 R07 R11 R22,ṯ=š
A-TA-I-*301-WA-JA,n-w-y,š-ʿ-h,H8159,"to gaze at or about (properly, for help); by implication, to inspect, consider, compassionate, be nonplussed (as looking around in amazement) or bewildered",first part of a compound (N07),N07 R01 R02 R05 R07 R11,ṯ=š
A-TA-I-*301-WA-JA,n-w-y,š-ʿ-n,H8172,to support one's self,first part of a compound (N07),N07 R01 R02 R05 R07 R11 R25,ṯ=š
A-TA-I-*301-WA-JA,n-w-y,š-ʿ-ʿ,H8173,"(in a good acceptation) to look upon (with complacency), i.e. fondle, please or amuse (self); (in a bad one) to look about (in dismay), i.e. stare",first part of a compound (N07),N07 R01 R02 R05 R07 R11,ṯ=š
A-TA-I-*301-WA-JA,n-w-y,š-r-h,H8281,to free,first part of a compound (N07),N07 R01 R02 R05 R07 R11 R24,ṯ=š
A-TA-I-*301-WA-JA,n-w-y,š-š-ʾ,H8338,to annihilate,first part of a compound (N07),N07 R01 R02 R05 R07 R08 R11,ṯ=š
A-TA-I-*301-WA-JA,n-w-y,t-ʾ-h,H8376,"to mark off, i.e. (intensively) designate",first part of a compound (N07),N07 R01 R02 R05 R07 R11,
A-TA-I-*301-WA-JA,n-w-y,t-w-h,H8427,"to mark out, i.e. (primitive) scratch or (definite) imprint",first part of a compound (N07),N04 N07 R01 R02 R05 R07 R11,
A-TA-I-*301-WA-JA,n-w-y,t-n-h,H8566,"to present (a mercenary inducement), i.e. bargain with (a harlot)",first part of a compound (N07),N07 R01 R02 R05 R07 R11 R25,
A-TA-I-*301-WA-JA,n-w-y,t-ʿ-h,H8582,"to vacillate, i.e. reel or stray (literally or figuratively); also causative of both",first part of a compound (N07),N07 R01 R02 R05 R07 R11,
A-TA-I-*301-WA-JA,n-w-y,t-ʿ-ʿ,H8591,"to cheat; by analogy, to maltreat",first part of a compound (N07),N07 R01 R02 R05 R07 R11,
JA-DI-KI-TU,d-q-q,ʾ-w-y,H183,to wish for,-TU (N01) + first part of a compound (N07),N01 N04 N07 R01 R07,
JA-DI-KI-TU,d-q-q,ʾ-w-ṣ,H213,"to press; (by implication) to be close, hurry, withdraw",JA- (R38) + second part of a compound (N07),N04 N07 R01 R05 R07 R11 R38,
JA-DI-KI-TU,d-q-q,ʾ-w-t,H225,"properly, to come, i.e. (implied) to assent",JA- (R38) + second part of a compound (N07),N04 N07 R01 R05 R07 R11 R38,
JA-DI-KI-TU,d-q-q,ʾ-ḥ-d,H258,"to unify, i.e. (figuratively) collect (one's thoughts)",second part of a compound (N07),N07 R01 R05 R07 R11 R13,ḫ=ḥ
JA-DI-KI-TU,d-q-q,ʾ-r-g,H707,to plait or weave,-TU (N01) + second part of a compound (N07),N01 N07 R01 R05 R07 R13 R24,
JA-DI-KI-TU,d-q-q,ʾ-r-y,H717,to pluck,-TU (N01) + first part of a compound (N07),N01 N07 R01 R07 R24,
JA-DI-KI-TU,d-q-q,ʾ-r-ḥ,H732,to travel,-TU (N01) + second part of a compound (N07),N01 N07 R01 R05 R07 R13 R24,ḫ=ḥ
JA-DI-KI-TU,d-q-q,ʾ-r-k,H748,"to be (causative, make) long (literally or figuratively)",-TU (N01) + second part of a compound (N07),N01 N07 R01 R05 R07 R13 R24,
JA-DI-KI-TU,d-q-q,ʾ-t-h,H857,to arrive,JA- (R38) + second part of a compound (N07),N07 R01 R05 R07 R11 R38,
JA-DI-KI-TU,d-q-q,g-ʾ-h,H1342,"to mount up; hence, in general, to rise, (figuratively) be majestic",-TU (N01) + second part of a compound (N07),N01 N07 R01 R05 R07 R13,
JA-DI-KI-TU,d-q-q,g-d-d,H1413,to crowd; also to gash (as if by pressing into),second part of a compound (N07),N07 R01 R05 R08 R11 R13,
JA-DI-KI-TU,d-q-q,g-d-ʿ,H1438,"to fell a tree; generally, to destroy anything",second part of a compound (N07),N07 R01 R05 R07 R11 R13,
JA-DI-KI-TU,d-q-q,g-h-h,H1455,"to remove (a bandage from a wound, i.e. heal it)",-TU (N01) + second part of a compound (N07),N01 N07 R01 R05 R07 R13,
JA-DI-KI-TU,d-q-q,g-w-d,H1464,"to crowd upon, i.e. attack",second part of a compound (N07),N04 N07 R01 R05 R11 R13,
JA-DI-KI-TU,d-q-q,g-w-ʿ,H1478,"to breathe out, i.e. (by implication) expire",-TU (N01) + second part of a compound (N07),N01 N04 N07 R01 R05 R07 R13,
JA-DI-KI-TU,d-q-q,g-ʿ-h,H1600,to bellow (as cattle),-TU (N01) + second part of a compound (N07),N01 N07 R01 R05 R07 R13,
JA-DI-KI-TU,d-q-q,g-ʿ-š,H1607,to agitate violently,second part of a compound (N07),N07 R01 R05 R07 R11 R13,ṯ=š
JA-DI-KI-TU,d-q-q,g-r-d,H1623,to abrade,second part of a compound (N07),N07 R01 R05 R11 R13 R24,
JA-DI-KI-TU,d-q-q,g-r-h,H1624,"properly, to grate, i.e. (figuratively) to anger",-TU (N01) + second part of a compound (N07),N01 N07 R01 R05 R07 R13 R24,
JA-DI-KI-TU,d-q-q,g-r-s,H1638,to crush; also (intransitively and figuratively) to dissolve,-TU (N01) + second part of a compound (N07),N01 N07 R01 R05 R13 R22 R24,
JA-DI-KI-TU,d-q-q,g-r-ʿ,H1639,"to scrape off; by implication, to shave, remove, lessen, withhold",-TU (N01) + second part of a compound (N07),N01 N07 R01 R05 R07 R13 R24,
JA-DI-KI-TU,d-q-q,g-r-š,H1644,to drive out from a possession; especially to expatriate or divorce,second part of a compound (N07),N07 R01 R05 R11 R13 R24,ṯ=š
JA-DI-KI-TU,d-q-q,g-š-š,H1659,to feel about,second part of a compound (N07),N07 R01 R05 R08 R11 R13,ṯ=š
JA-DI-KI-TU,d-q-q,d-ʾ-g,H1672,be anxious,-TU (N01) + JA- (R38),N01 R01 R05 R07 R12 R13 R38,
JA-DI-KI-TU,d-q-q,d-ʾ-h,H1675,"to dart, i.e. fly rapidly",JA- (R38) + second part of a compound (N07),N07 R01 R05 R07 R11 R38,
JA-DI-KI-TU,d-q-q,d-g-h,H1711,"to spawn, i.e. become numerous",-TU (N01) + JA- (R38),N01 R01 R05 R07 R12 R13 R38,
JA-DI-KI-TU,d-q-q,d-w-h,H1738,to be sick (as if in menstruation),JA- (R38) + second part of a compound (N07),N04 N07 R01 R05 R07 R11 R38,
JA-DI-KI-TU,d-q-q,d-w-ḥ,H1740,"to thrust away; figuratively, to cleanse",-TU (N01) + JA- (R38),N01 N04 R01 R05 R12 R13 R38,ḫ=ḥ
JA-DI-KI-TU,d-q-q,d-w-k,H1743,to bruise in a mortar,-TU (N01) + JA- (R38),N01 N04 R01 R05 R12 R13 R38,
JA-DI-KI-TU,d-q-q,d-ḥ-h,H1760,to push down,-TU (N01) + JA- (R38),N01 R01 R05 R07 R12 R13 R38,ḫ=ḥ
JA-DI-KI-TU,d-q-q,d-ḥ-q,H1766,"to press, i.e. oppress",-TU (N01) + JA- (R38),N01 R01 R05 R07 R12 R13 R21 R38,
JA-DI-KI-TU,d-q-q,d-k-ʾ,H1792,"to crumble; transitively, to bruise (literally or figuratively)",-TU (N01) + JA- (R38),N01 R01 R05 R07 R12 R13 R38,
JA-DI-KI-TU,d-q-q,d-k-h,H1794,to collapse (phys. or mentally),-TU (N01) + JA- (R38),N01 R01 R05 R07 R12 R13 R38,
JA-DI-KI-TU,d-q-q,d-ʿ-k,H1846,"to be extinguished; figuratively, to expire or be dried up",-TU (N01) + JA- (R38),N01 R01 R05 R07 R12 R13 R38,
JA-DI-KI-TU,d-q-q,d-q-q,H1854,to crush (or intransitively) crumble,-TU (N01) + JA- (R38),N01 R01 R05 R08 R12 R13 R38,
JA-DI-KI-TU,d-q-q,d-r-k,H1869,"to tread; by implication, to walk; also to string abow (by treading on it in bending)",-TU (N01) + JA- (R38),N01 R01 R05 R12 R13 R24 R38,
JA-DI-KI-TU,d-q-q,h-g-h,H1897,"to murmur (in pleasure or anger); by implication, to ponder",-TU (N01) + second part of a compound (N07),N01 N07 R01 R05 R07 R13,
JA-DI-KI-TU,d-q-q,h-d-h,H1911,to stretch forth the hand,JA- (R38) + second part of a compound (N07),N07 R01 R05 R07 R11 R38,
JA-DI-KI-TU,d-q-q,h-d-k,H1915,to crush with the foot,-TU (N01) + JA- (R38),N01 R01 R05 R07 R12 R13 R38,
JA-DI-KI-TU,d-q-q,h-y-h,H1961,"to exist, i.e. be or become, come to pass (always emphatic, and not a mere copula or auxiliary)",-TU (N01) + first part of a compound (N07),N01 N07 R01 R07,
JA-DI-KI-TU,d-q-q,h-y-y,H1961,"to exist, i.e. be or become, come to pass (always emphatic, and not a mere copula or auxiliary)",-TU (N01) + first part of a compound (N07),N01 N07 R01 R07 R08,
JA-DI-KI-TU,d-q-q,h-r-g,H2026,to smite with deadly intent,-TU (N01) + second part of a compound (N07),N01 N07 R01 R05 R07 R13 R24,
JA-DI-KI-TU,d-q-q,h-r-y,H2029,"to be (or become) pregnant, conceive (literally or figuratively)",-TU (N01) + first part of a compound (N07),N01 N07 R01 R07 R24,
JA-DI-KI-TU,d-q-q,h-t-t,H2050,"properly, to break in upon, i.e. to assail",JA- (R38) + second part of a compound (N07),N07 R01 R05 R07 R08 R11 R38,
JA-DI-KI-TU,d-q-q,ḥ-g-g,H2287,"properly, to move in acircle, i.e. (specifically) to march in asacred procession, to observe afestival; by implication, to be giddy",-TU (N01) + second part of a compound (N07),N01 N07 R01 R05 R07 R08 R13 R21,
JA-DI-KI-TU,d-q-q,ḥ-d-d,H2300,"to be (causatively, make) sharp or (figuratively) severe",second part of a compound (N07),N07 R01 R05 R08 R11 R13,ḫ=ḥ
JA-DI-KI-TU,d-q-q,ḥ-d-h,H2302,to rejoice,second part of a compound (N07),N07 R01 R05 R07 R11 R13,ḫ=ḥ
JA-DI-KI-TU,d-q-q,ḥ-w-g,H2328,to describe a circle,-TU (N01) + second part of a compound (N07),N01 N04 N07 R01 R05 R07 R13 R21,
JA-DI-KI-TU,d-q-q,ḥ-w-d,H2330,"properly, to tie a knot, i.e. (figuratively) to propound a riddle",second part of a compound (N07),N04 N07 R01 R05 R11 R13,ḫ=ḥ
JA-DI-KI-TU,d-q-q,ḥ-w-y,H2331,"properly, to live; by implication (intensively) to declare or show",-TU (N01) + first part of a compound (N07),N01 N04 N07 R01 R07 R21,
JA-DI-KI-TU,d-q-q,ḥ-w-h,H2331,"properly, to live; by implication (intensively) to declare or show",-TU (N01) + second part of a compound (N07),N01 N04 N07 R01 R05 R07 R13,ḫ=ḥ
JA-DI-KI-TU,d-q-q,ḥ-w-s,H2347,"properly, to cover, i.e. (figuratively) to compassionate",-TU (N01) + second part of a compound (N07),N01 N04 N07 R01 R05 R13 R22,ḫ=ḥ
JA-DI-KI-TU,d-q-q,ḥ-w-š,H2363,"to hurry; figuratively, to be eager with excitement or enjoyment",second part of a compound (N07),N04 N07 R01 R05 R11 R13,ḫ=ḥ ṯ=š
JA-DI-KI-TU,d-q-q,ḥ-ṭ-ʾ,H2398,"properly, to miss; hence (figuratively and generally) to sin; by inference, to forfeit, lack, expiate, repent, (causatively) lead astray, condemn",second part of a compound (N07),N07 R01 R05 R07 R11 R13,ḫ=ḥ
JA-DI-KI-TU,d-q-q,ḥ-y-h,H2421,"to live, whether literally or figuratively; causatively, to revive",-TU (N01) + first part of a compound (N07),N01 N07 R01 R07 R21,
JA-DI-KI-TU,d-q-q,ḥ-y-y,H2421,"to live, whether literally or figuratively; causatively, to revive",-TU (N01) + first part of a compound (N07),N01 N07 R01 R07 R08 R21,
JA-DI-KI-TU,d-q-q,ḥ-k-h,H2442,"properly, to adhere to; hence, to await",-TU (N01) + second part of a compound (N07),N01 N07 R01 R05 R07 R13 R21,
JA-DI-KI-TU,d-q-q,ḥ-s-d,H2616,"properly, perhaps to bow (the neck only  in courtesy to an equal), i.e. to be kind; also (by euphemistically, but rarely) to reprove",second part of a compound (N07),N07 R01 R05 R11 R13 R22,ḫ=ḥ
JA-DI-KI-TU,d-q-q,ḥ-s-y,H2620,"to flee for protection; figuratively, to confide in",-TU (N01) + first part of a compound (N07),N01 N07 R01 R07 R21 R22,
JA-DI-KI-TU,d-q-q,ḥ-s-h,H2620,"to flee for protection; figuratively, to confide in",-TU (N01) + second part of a compound (N07),N01 N07 R01 R05 R07 R13 R22,ḫ=ḥ
JA-DI-KI-TU,d-q-q,ḥ-ṣ-h,H2673,to cut or split in two; to halve,second part of a compound (N07),N07 R01 R05 R07 R11 R13,ḫ=ḥ
JA-DI-KI-TU,d-q-q,ḥ-ṣ-ṣ,H2686,"properly, to chop into, pierce or sever; hence, to curtail, to distribute (into ranks);  to shoot an arrow",second part of a compound (N07),N07 R01 R05 R08 R11 R13,ḫ=ḥ
JA-DI-KI-TU,d-q-q,ḥ-q-h,H2707,"to carve; by implication, to delineate; also to entrench",-TU (N01) + second part of a compound (N07),N01 N07 R01 R05 R07 R13 R21,
JA-DI-KI-TU,d-q-q,ḥ-q-q,H2710,"properly, to hack, i.e. engrave (Judges 5:14, to be a scribe simply); by implication, to enact (laws being cut in stone or metal tablets in primitive times) or (gen.) prescribe",-TU (N01) + second part of a compound (N07),N01 N07 R01 R05 R07 R08 R13 R21,
JA-DI-KI-TU,d-q-q,ḥ-r-g,H2727,"properly, to leap suddenly, i.e. (by implication) to be dismayed",-TU (N01) + second part of a compound (N07),N01 N07 R01 R05 R07 R13 R21 R24,
JA-DI-KI-TU,d-q-q,ḥ-r-d,H2729,"to shudder with terror; hence, to fear; also to hasten (with anxiety)",second part of a compound (N07),N07 R01 R05 R11 R13 R24,ḫ=ḥ
JA-DI-KI-TU,d-q-q,ḥ-r-y,H2734,"to glow or grow warm; figuratively (usually) to blaze up, of anger, zeal, jealousy",-TU (N01) + first part of a compound (N07),N01 N07 R01 R07 R21 R24,
JA-DI-KI-TU,d-q-q,ḥ-r-h,H2734,"to glow or grow warm; figuratively (usually) to blaze up, of anger, zeal, jealousy",-TU (N01) + second part of a compound (N07),N01 N07 R01 R05 R07 R13 R24,ḫ=ḥ
JA-DI-KI-TU,d-q-q,ḥ-r-ṭ,H2747,a chisel or graver; also a style forwriting,second part of a compound (N07),N07 R01 R05 R11 R13 R24,ḫ=ḥ
JA-DI-KI-TU,d-q-q,ḥ-r-k,H2760,to braid (i.e. to entangle or snare) or catch (game) in anet,-TU (N01) + second part of a compound (N07),N01 N07 R01 R05 R07 R13 R21 R24,
JA-DI-KI-TU,d-q-q,ḥ-r-ṣ,H2782,"properly, to point sharply, i.e. (literally) to wound; figuratively, to be alert, to decide",second part of a compound (N07),N07 R01 R05 R11 R13 R24,ḫ=ḥ
JA-DI-KI-TU,d-q-q,ḥ-r-q,H2786,to grate the teeth,-TU (N01) + second part of a compound (N07),N01 N07 R01 R05 R07 R13 R21 R24,
JA-DI-KI-TU,d-q-q,ḥ-r-š,H2790,"to scratch, i.e. (by implication) to engrave, plough; hence (from the use of tools) to fabricate (of any material); figuratively, to devise (in a bad sense); hence (from the idea of secrecy) to be silent, to let alone; hence (by implication) to be deaf (as an accompaniment of dumbness)",second part of a compound (N07),N07 R01 R05 R11 R13 R24,ḫ=ḥ ṯ=š
JA-DI-KI-TU,d-q-q,ḥ-r-t,H2801,to engrave,second part of a compound (N07),N07 R01 R05 R11 R13 R24,ḫ=ḥ
JA-DI-KI-TU,d-q-q,ḥ-š-h,H2814,to hush or keep quiet,second part of a compound (N07),N07 R01 R05 R07 R11 R13,ḫ=ḥ ṯ=š
JA-DI-KI-TU,d-q-q,ḥ-t-h,H2846,to lay hold of; especially to pick up fire,second part of a compound (N07),N07 R01 R05 R07 R11 R13,ḫ=ḥ
JA-DI-KI-TU,d-q-q,ḥ-t-k,H2852,"properly, to cut off, i.e. (figuratively) to decree",-TU (N01) + JA- (R38),N01 R01 R05 R07 R12 R13 R21 R38,
JA-DI-KI-TU,d-q-q,ḥ-t-t,H2865,"properly, to prostrate; hence, to break down, either (literally) by violence, or (figuratively) by confusion and fear",second part of a compound (N07),N07 R01 R05 R08 R11 R13,ḫ=ḥ
JA-DI-KI-TU,d-q-q,ṭ-w-ʾ,H2894,to sweep away,JA- (R38) + second part of a compound (N07),N04 N07 R01 R05 R07 R11 R38,
JA-DI-KI-TU,d-q-q,ṭ-w-h,H2901,to spin,JA- (R38) + second part of a compound (N07),N04 N07 R01 R05 R07 R11 R38,
JA-DI-KI-TU,d-q-q,ṭ-w-ḥ,H2902,"to smear, especially with lime",-TU (N01) + JA- (R38),N01 N04 R01 R05 R12 R13 R38,ḫ=ḥ
JA-DI-KI-TU,d-q-q,ṭ-ḥ-h,H2909,"to stretch a bow, as an archer",-TU (N01) + JA- (R38),N01 R01 R05 R07 R12 R13 R38,ḫ=ḥ
JA-DI-KI-TU,d-q-q,ṭ-ʿ-h,H2937,to wander; causatively to lead astray,JA- (R38) + second part of a compound (N07),N07 R01 R05 R07 R11 R38,
JA-DI-KI-TU,d-q-q,ṭ-r-ḥ,H2959,to overburden,-TU (N01) + JA- (R38),N01 R01 R05 R12 R13 R24 R38,ḫ=ḥ
JA-DI-KI-TU,d-q-q,y-ʾ-y,H2969,to be suitable,-TU (N01) + first part of a compound (N07),N01 N07 R01 R07 R62,
JA-DI-KI-TU,d-q-q,y-ʾ-h,H2969,to be suitable,-TU (N01) + first part of a compound (N07),N01 N07 R01 R07,
JA-DI-KI-TU,d-q-q,y-ʾ-š,H2976,"to desist, i.e. (figuratively) to despond",JA- (R38) + second part of a compound (N07),N07 R01 R05 R07 R11 R38 R62,ṯ=š
JA-DI-KI-TU,d-q-q,y-g-h,H3013,to grieve,-TU (N01) + second part of a compound (N07),N01 N07 R01 R05 R07 R13 R62,
JA-DI-KI-TU,d-q-q,y-g-ʿ,H3021,"properly, to gasp; hence, to be exhausted, to tire, to toil",-TU (N01) + second part of a compound (N07),N01 N07 R01 R05 R07 R13 R62,
JA-DI-KI-TU,d-q-q,y-d-d,H3032,"properly, to handle, i.e. to throw, e.g. lots",first part of a compound (N07),N07 R01 R05 R08 R12,
JA-DI-KI-TU,d-q-q,y-d-h,H3034,"physically, to throw (a stone, an arrow) at or away; especially to revere or worship (with extended hands); intensively, to bemoan (by wringing the hands)",first part of a compound (N07),N07 R01 R05 R07 R12,
JA-DI-KI-TU,d-q-q,y-d-ʿ,H3045,"to know (properly, to ascertain by seeing); used in a great variety of senses, figuratively, literally, euphemistically and inferentially (including observation, care, recognition; and causatively, instruction, designation, punishment, etc.)",first part of a compound (N07),N07 R01 R05 R07 R12,
JA-DI-KI-TU,d-q-q,y-ḥ-d,H3161,to be (or become) one,first part of a compound (N07),N07 R01 R05 R07 R12 R21,
JA-DI-KI-TU,d-q-q,y-k-ḥ,H3198,"to be right (i.e. correct); reciprocal, to argue; causatively, to decide, justify or convict",-TU (N01) + second part of a compound (N07),N01 N07 R01 R05 R07 R13 R21 R62,
JA-DI-KI-TU,d-q-q,y-s-d,H3245,"to set (literally or figuratively); intensively, to found; reflexively, to sit down together, i.e. settle, consult",first part of a compound (N07),N07 R01 R05 R12 R22,
JA-DI-KI-TU,d-q-q,y-s-k,H3251,to pour (intransitive),-TU (N01) + second part of a compound (N07),N01 N07 R01 R05 R13 R22 R62,
JA-DI-KI-TU,d-q-q,y-ʿ-d,H3259,"to fix upon (by agreement or appointment); by implication, to meet (at a stated time), to summon (to trial), to direct (in a certain quarter or position), to engage (for marriage)",first part of a compound (N07),N07 R01 R05 R07 R12,
JA-DI-KI-TU,d-q-q,y-ʿ-y,H3261,to brush aside,-TU (N01) + first part of a compound (N07),N01 N07 R01 R07 R62,
JA-DI-KI-TU,d-q-q,y-ʿ-h,H3261,to brush aside,-TU (N01) + first part of a compound (N07),N01 N07 R01 R07,
JA-DI-KI-TU,d-q-q,y-ʿ-ṭ,H3271,to clothe,first part of a compound (N07),N07 R01 R05 R07 R12,
JA-DI-KI-TU,d-q-q,y-ʿ-ṣ,H3289,"to advise; reflexively, to deliberate or resolve",JA- (R38) + second part of a compound (N07),N07 R01 R05 R07 R11 R38 R62,
JA-DI-KI-TU,d-q-q,y-ṣ-ʾ,H3318,"to go (causatively, bring) out, in a great variety of applications, literally and figuratively, direct and proxim.",JA- (R38) + second part of a compound (N07),N07 R01 R05 R07 R11 R38 R62,
JA-DI-KI-TU,d-q-q,y-ṣ-ʿ,H3331,to strew as a surface,JA- (R38) + second part of a compound (N07),N07 R01 R05 R07 R11 R38 R62,
JA-DI-KI-TU,d-q-q,y-q-d,H3344,to burn,second part of a compound (N07),N07 R01 R05 R11 R13 R62,
JA-DI-KI-TU,d-q-q,y-q-ʿ,H3363,"properly, to sever oneself, i.e. (by implication) to be dislocated; figuratively, to abandon; causatively, to impale (and thus allow to drop to pieces by rotting)",-TU (N01) + second part of a compound (N07),N01 N07 R01 R05 R07 R13 R62,
JA-DI-KI-TU,d-q-q,y-q-ṣ,H3364,to awake (intransitive),second part of a compound (N07),N07 R01 R05 R11 R13 R62,
JA-DI-KI-TU,d-q-q,y-q-š,H3369,to ensnare (literally or figuratively),second part of a compound (N07),N07 R01 R05 R11 R13 R62,ṯ=š
JA-DI-KI-TU,d-q-q,y-r-ʾ,H3372,"to fear; morally, to revere; caus. to frighten",-TU (N01) + first part of a compound (N07),N01 N07 R01 R07 R24,
JA-DI-KI-TU,d-q-q,y-r-d,H3381,"to descend (literally, to go downwards; or conventionally to a lower region, as the shore, a boundary, the enemy, etc.; or figuratively, to fall); causatively, to bring down (in all the above applications)",first part of a compound (N07),N07 R01 R05 R12 R24,
JA-DI-KI-TU,d-q-q,y-r-y,H3384,"properly, to flow as water (i.e. to rain); transitively, to lay or throw (especially an arrow, i.e. to shoot); figuratively, to point out (as if by aiming the finger), to teach",-TU (N01) + first part of a compound (N07),N01 N07 R01 R24 R62,
JA-DI-KI-TU,d-q-q,y-r-h,H3384,"properly, to flow as water (i.e. to rain); transitively, to lay or throw (especially an arrow, i.e. to shoot); figuratively, to point out (as if by aiming the finger), to teach",-TU (N01) + first part of a compound (N07),N01 N07 R01 R07 R24,
JA-DI-KI-TU,d-q-q,y-r-ṭ,H3399,to precipitate or hurl (rush) headlong; (intransitively) to be rash,first part of a compound (N07),N07 R01 R05 R12 R24,
JA-DI-KI-TU,d-q-q,y-r-ʿ,H3415,"properly, to be broken up (with any violent action) i.e. (figuratively) to fear",-TU (N01) + first part of a compound (N07),N01 N07 R01 R07 R24,
JA-DI-KI-TU,d-q-q,y-r-q,H3417,to spit,-TU (N01) + second part of a compound (N07),N01 N07 R01 R05 R13 R24 R62,
JA-DI-KI-TU,d-q-q,y-r-š,H3423,"to occupy (by driving out previous tenants, and possessing in their place); by implication, to seize, to rob, to inherit; also to expel, to impoverish, to ruin",JA- (R38) + second part of a compound (N07),N07 R01 R05 R11 R24 R38 R62,ṯ=š
JA-DI-KI-TU,d-q-q,y-š-ʿ,H3467,"properly, to be open, wide or free, i.e. (by implication) to be safe; causatively, to free or succor",JA- (R38) + second part of a compound (N07),N07 R01 R05 R07 R11 R38 R62,ṯ=š
JA-DI-KI-TU,d-q-q,k-ʾ-h,H3512,"to despond; causatively, to deject",-TU (N01) + second part of a compound (N07),N01 N07 R01 R05 R07 R13,
JA-DI-KI-TU,d-q-q,k-h-h,H3543,"to be weak, i.e. (figuratively) to despond (causatively, rebuke), or (of light, the eye) to grow dull",-TU (N01) + second part of a compound (N07),N01 N07 R01 R05 R07 R13,
JA-DI-KI-TU,d-q-q,k-w-h,H3554,"properly, to prick or penetrate; hence, to blister (as smarting or eating into)",-TU (N01) + second part of a compound (N07),N01 N04 N07 R01 R05 R07 R13,
JA-DI-KI-TU,d-q-q,k-ḥ-d,H3582,"to secrete, by act or word; hence (intensively) to destroy",second part of a compound (N07),N07 R01 R05 R07 R11 R13 R21,
JA-DI-KI-TU,d-q-q,k-ḥ-š,H3584,"to be untrue, in word (to lie, feign, disown) or deed (to disappoint, fail, cringe)",second part of a compound (N07),N07 R01 R05 R07 R11 R13 R21,ṯ=š
JA-DI-KI-TU,d-q-q,k-s-h,H3680,"properly, to plump, i.e. fill up hollows; by implication, to cover (for clothing or secrecy)",-TU (N01) + second part of a compound (N07),N01 N07 R01 R05 R07 R13 R22,
JA-DI-KI-TU,d-q-q,k-s-ḥ,H3683,to cut off,-TU (N01) + second part of a compound (N07),N01 N07 R01 R05 R07 R13 R21 R22,
JA-DI-KI-TU,d-q-q,k-s-s,H3699,to estimate,-TU (N01) + second part of a compound (N07),N01 N07 R01 R05 R13 R22,
JA-DI-KI-TU,d-q-q,k-ʿ-s,H3707,"to trouble; by implication, to grieve, rage, be indignant",-TU (N01) + second part of a compound (N07),N01 N07 R01 R05 R07 R13 R22,
JA-DI-KI-TU,d-q-q,k-r-h,H3738,"properly, to dig; figuratively, to plot; generally, to bore or open",-TU (N01) + second part of a compound (N07),N01 N07 R01 R05 R07 R13 R24,
JA-DI-KI-TU,d-q-q,k-r-ʿ,H3766,"to bend the knee; by implication, to sink, to prostrate",-TU (N01) + second part of a compound (N07),N01 N07 R01 R05 R07 R13 R24,
JA-DI-KI-TU,d-q-q,k-r-t,H3772,"to cut (off, down or asunder); by implication, to destroy or consume; specifically, to covenant (i.e. make an alliance or bargain, originally by cutting flesh and passing between the pieces)",second part of a compound (N07),N07 R01 R05 R11 R13 R24,
JA-DI-KI-TU,d-q-q,k-t-t,H3807,to bruise or violently strike,second part of a compound (N07),N07 R01 R05 R08 R11 R13,
JA-DI-KI-TU,d-q-q,s-g-d,H5456,to prostrate oneself (in homage),second part of a compound (N07),N07 R01 R05 R11 R13 R22,
JA-DI-KI-TU,d-q-q,s-w-g,H5472,"properly, to flinch, i.e. (by implication) to go back, literally (to retreat) or figuratively (to apostatize)",-TU (N01) + second part of a compound (N07),N01 N04 N07 R01 R05 R13 R22,
JA-DI-KI-TU,d-q-q,s-w-k,H5480,"properly, to smear over (with oil), i.e. anoint",-TU (N01) + second part of a compound (N07),N01 N04 N07 R01 R05 R13 R22,
JA-DI-KI-TU,d-q-q,s-ḥ-y,H5500,to sweep away,-TU (N01) + first part of a compound (N07),N01 N07 R01 R07 R21 R22,
JA-DI-KI-TU,d-q-q,s-ḥ-h,H5500,to sweep away,-TU (N01) + second part of a compound (N07),N01 N07 R01 R05 R07 R13 R22,ḫ=ḥ
JA-DI-KI-TU,d-q-q,s-k-k,H5526,"properly, to entwine as ascreen; by implication, to fence in, cover over, (figuratively) protect",-TU (N01) + second part of a compound (N07),N01 N07 R01 R05 R08 R13 R22,
JA-DI-KI-TU,d-q-q,s-k-t,H5535,"by implication, to observe quietly",second part of a compound (N07),N07 R01 R05 R11 R13 R22,
JA-DI-KI-TU,d-q-q,s-ʿ-d,H5582,to suport (mostly figurative),JA- (R38) + second part of a compound (N07),N07 R01 R05 R07 R11 R22 R38,
JA-DI-KI-TU,d-q-q,s-ʿ-y,H5584,to rush,-TU (N01) + first part of a compound (N07),N01 N07 R01 R07 R22,
JA-DI-KI-TU,d-q-q,s-r-d,H5624,"Sered, an Israelite",JA- (R38) + second part of a compound (N07),N07 R01 R05 R11 R22 R24 R38,
JA-DI-KI-TU,d-q-q,s-r-ḥ,H5628,to extend (even to excess),-TU (N01) + second part of a compound (N07),N01 N07 R01 R05 R13 R22 R24,ḫ=ḥ
JA-DI-KI-TU,d-q-q,ʿ-d-h,H5710,"to advance, i.e. pass on or continue; causatively, to remove; specifically, to bedeck (i.e. bring an ornament upon)",JA- (R38) + second part of a compound (N07),N07 R01 R05 R07 R11 R38,
JA-DI-KI-TU,d-q-q,ʿ-w-g,H5746,to bake (round cakes on the hearth),-TU (N01) + second part of a compound (N07),N01 N04 N07 R01 R05 R07 R13,
JA-DI-KI-TU,d-q-q,ʿ-w-d,H5749,"to duplicate or repeat; by implication, to protest, testify (as by reiteration); intensively, to encompass, restore (as a sort of reduplication)",JA- (R38) + second part of a compound (N07),N04 N07 R01 R05 R07 R11 R38,
JA-DI-KI-TU,d-q-q,ʿ-w-y,H5753,"to crook, literally or figuratively",-TU (N01) + first part of a compound (N07),N01 N04 N07 R01 R07,
JA-DI-KI-TU,d-q-q,ʿ-w-ṣ,H5779,to consult,JA- (R38) + second part of a compound (N07),N04 N07 R01 R05 R07 R11 R38,
JA-DI-KI-TU,d-q-q,ʿ-w-q,H5781,to pack,-TU (N01) + second part of a compound (N07),N01 N04 N07 R01 R05 R07 R13,
JA-DI-KI-TU,d-q-q,ʿ-w-š,H5789,to hasten,JA- (R38) + second part of a compound (N07),N04 N07 R01 R05 R07 R11 R38,ṯ=š
JA-DI-KI-TU,d-q-q,ʿ-w-t,H5791,to wrest,JA- (R38) + second part of a compound (N07),N04 N07 R01 R05 R07 R11 R38,
JA-DI-KI-TU,d-q-q,ʿ-ṭ-h,H5844,"to wrap, i.e. cover, veil, cloth, or roll",JA- (R38) + second part of a compound (N07),N07 R01 R05 R07 R11 R38,
JA-DI-KI-TU,d-q-q,ʿ-y-ṭ,H5860,to swoop down upon (literally or figuratively),first part of a compound (N07),N07 R01 R05 R07 R12,
JA-DI-KI-TU,d-q-q,ʿ-k-s,H5913,to put on anklets,-TU (N01) + second part of a compound (N07),N01 N07 R01 R05 R07 R13 R22,
JA-DI-KI-TU,d-q-q,ʿ-ṣ-h,H6095,"properly, to fasten (or make firm), i.e. to close (the eyes)",JA- (R38) + second part of a compound (N07),N07 R01 R05 R07 R11 R38,
JA-DI-KI-TU,d-q-q,ʿ-q-d,H6123,to tie with thongs,second part of a compound (N07),N07 R01 R05 R07 R11 R13,
JA-DI-KI-TU,d-q-q,ʿ-q-š,H6140,"to knot or distort; figuratively, to pervert (act or declare perverse)",second part of a compound (N07),N07 R01 R05 R07 R11 R13,ṯ=š
JA-DI-KI-TU,d-q-q,ʿ-r-g,H6165,to long for,-TU (N01) + second part of a compound (N07),N01 N07 R01 R05 R07 R13 R24,
JA-DI-KI-TU,d-q-q,ʿ-r-y,H6168,"to be (causatively, make) bare; hence, to empty, pour out, demolish",-TU (N01) + first part of a compound (N07),N01 N07 R01 R07 R24,
JA-DI-KI-TU,d-q-q,ʿ-r-k,H6186,"to set in a row, i.e. arrange, put in order (in a very wide variety of applications)",-TU (N01) + second part of a compound (N07),N01 N07 R01 R05 R07 R13 R24,
JA-DI-KI-TU,d-q-q,ʿ-r-ṣ,H6206,"to awe or (intransitive) to dread; hence, to harass",JA- (R38) + second part of a compound (N07),N07 R01 R05 R07 R11 R24 R38,
JA-DI-KI-TU,d-q-q,ʿ-r-q,H6207,"to gnaw, i.e. (figuratively) eat (by hyberbole); also (participle) a pain",-TU (N01) + second part of a compound (N07),N01 N07 R01 R05 R07 R13 R24,
JA-DI-KI-TU,d-q-q,ʿ-š-š,H6244,"probably to shrink, i.e. fail",JA- (R38) + second part of a compound (N07),N07 R01 R05 R07 R08 R11 R38,ṯ=š
JA-DI-KI-TU,d-q-q,ʿ-t-q,H6275,"to remove (intransitive or transitive) figuratively, to grow old; specifically, to transcribe",-TU (N01) + JA- (R38),N01 R01 R05 R07 R12 R13 R38,
JA-DI-KI-TU,d-q-q,ṣ-w-h,H6680,"(intensively) to constitute, enjoin",JA- (R38) + second part of a compound (N07),N04 N07 R01 R05 R07 R11 R38,
JA-DI-KI-TU,d-q-q,ṣ-w-ḥ,H6681,to screech (exultingly),JA- (R38) + second part of a compound (N07),N04 N07 R01 R05 R07 R11 R21 R38,
JA-DI-KI-TU,d-q-q,ṣ-ḥ-ḥ,H6705,"to glare, i.e. be dazzling white",JA- (R38) + second part of a compound (N07),N07 R01 R05 R07 R11 R21 R38,
JA-DI-KI-TU,d-q-q,ṣ-ʿ-h,H6808,"to tip over (for the purpose of spilling or pouring out), i.e. (figuratively) depopulate; by implication, to imprison or conquer; (reflexive) to lie down (for coitus)",JA- (R38) + second part of a compound (N07),N07 R01 R05 R07 R11 R38,
JA-DI-KI-TU,d-q-q,ṣ-r-ḥ,H6873,"to be clear (in tone, i.e. shrill), i.e. to whoop",JA- (R38) + second part of a compound (N07),N07 R01 R05 R07 R11 R21 R24 R38,
JA-DI-KI-TU,d-q-q,ṣ-r-ʿ,H6879,"to scourge, i.e. (intransitive and figurative) to be stricken with leprosy",JA- (R38) + second part of a compound (N07),N07 R01 R05 R07 R11 R24 R38,
JA-DI-KI-TU,d-q-q,q-d-d,H6915,"to shrivel up, i.e. contract or bend the body (or neck) in deference",second part of a compound (N07),N07 R01 R05 R08 R11 R13,
JA-DI-KI-TU,d-q-q,q-d-ḥ,H6919,to inflame,second part of a compound (N07),N07 R01 R05 R07 R11 R13 R21,
JA-DI-KI-TU,d-q-q,q-h-h,H6949,to be dull,-TU (N01) + second part of a compound (N07),N01 N07 R01 R05 R07 R13,
JA-DI-KI-TU,d-q-q,q-w-ʾ,H6958,to vomit,-TU (N01) + second part of a compound (N07),N01 N04 N07 R01 R05 R07 R13,
JA-DI-KI-TU,d-q-q,q-w-h,H6960,"to bind together (perhaps by twisting), i.e. collect; (figuratively) to expect",-TU (N01) + second part of a compound (N07),N01 N04 N07 R01 R05 R07 R13,
JA-DI-KI-TU,d-q-q,q-w-ṭ,H6962,"properly, to cut off, i.e. (figuratively) detest",second part of a compound (N07),N04 N07 R01 R05 R11 R13,
JA-DI-KI-TU,d-q-q,q-w-ṣ,H6972,to spend the harvest season,second part of a compound (N07),N04 N07 R01 R05 R11 R13,
JA-DI-KI-TU,d-q-q,q-w-š,H6983,to set a trap,second part of a compound (N07),N04 N07 R01 R05 R11 R13,ṯ=š
JA-DI-KI-TU,d-q-q,q-ṭ-ṭ,H6990,"to clip off, i.e. (figuratively) destroy",second part of a compound (N07),N07 R01 R05 R08 R11 R13,
JA-DI-KI-TU,d-q-q,q-s-s,H7082,to lop off,-TU (N01) + second part of a compound (N07),N01 N07 R01 R05 R13 R22,
JA-DI-KI-TU,d-q-q,q-ṣ-h,H7096,to cut off; (figuratively) to destroy; (partially) to scrape off,second part of a compound (N07),N07 R01 R05 R07 R11 R13,
JA-DI-KI-TU,d-q-q,q-ṣ-ʿ,H7106,"to strip off, i.e. (partially) scrape; by implication, to segregate (as an angle)",second part of a compound (N07),N07 R01 R05 R07 R11 R13,
JA-DI-KI-TU,d-q-q,q-ṣ-ṣ,H7112,to chop off (literally or figuratively),second part of a compound (N07),N07 R01 R05 R08 R11 R13,
JA-DI-KI-TU,d-q-q,q-r-ʾ,H7121,"to call out to (i.e. properly, address by name, but used in a wide variety of applications)",-TU (N01) + second part of a compound (N07),N01 N07 R01 R05 R07 R13 R24,
JA-DI-KI-TU,d-q-q,q-r-h,H7136,"to light upon (chiefly by accident); causatively, to bring about; specifically, to impose timbers (for roof or floor)",-TU (N01) + second part of a compound (N07),N01 N07 R01 R05 R07 R13 R24,
JA-DI-KI-TU,d-q-q,q-r-ḥ,H7139,to depilate,-TU (N01) + second part of a compound (N07),N01 N07 R01 R05 R07 R13 R21 R24,
JA-DI-KI-TU,d-q-q,q-r-s,H7164,"to hunch, i.e. be hump-backed",-TU (N01) + second part of a compound (N07),N01 N07 R01 R05 R13 R22 R24,
JA-DI-KI-TU,d-q-q,q-r-ʿ,H7167,"to rend, literally or figuratively (revile, paint the eyes, as if enlarging them)",-TU (N01) + second part of a compound (N07),N01 N07 R01 R05 R07 R13 R24,
JA-DI-KI-TU,d-q-q,q-r-ṣ,H7169,"to pinch, i.e. (partially) to bite the lips, blink the eyes (as a gesture of malice), or (fully) to squeeze off (a piece of clay in order to mould a vessel from it)",second part of a compound (N07),N07 R01 R05 R11 R13 R24,
JA-DI-KI-TU,d-q-q,q-š-h,H7185,"properly, to be dense, i.e. tough or severe (in various applications)",second part of a compound (N07),N07 R01 R05 R07 R11 R13,ṯ=š
JA-DI-KI-TU,d-q-q,q-š-ḥ,H7188,"to be (causatively, make) unfeeling",second part of a compound (N07),N07 R01 R05 R07 R11 R13 R21,ṯ=š
JA-DI-KI-TU,d-q-q,q-š-š,H7197,"to forage for straw, stubble or wood; figuratively, to assemble",second part of a compound (N07),N07 R01 R05 R08 R11 R13,ṯ=š
JA-DI-KI-TU,d-q-q,r-ʾ-y,H7200,"to see, literally or figuratively (in numerous applications, direct and implied, transitive, intransitive and causative)",-TU (N01) + first part of a compound (N07),N01 N07 R01 R07 R24,
JA-DI-KI-TU,d-q-q,r-g-ʿ,H7280,"properly, to toss violently and suddenly (the sea with waves, the skin with boils); figuratively (in a favorable manner) to settle, i.e. quiet; specifically, to wink (from the motion of the eye-lids)",-TU (N01) + second part of a compound (N07),N01 N07 R01 R05 R07 R13 R24,
JA-DI-KI-TU,d-q-q,r-g-š,H7283,to be tumultuous,second part of a compound (N07),N07 R01 R05 R11 R13 R24,ṯ=š
JA-DI-KI-TU,d-q-q,r-d-d,H7286,"to tread in pieces, i.e. (figuratively) to conquer, or (specifically) to overlay",JA- (R38) + second part of a compound (N07),N07 R01 R05 R08 R11 R24 R38,
JA-DI-KI-TU,d-q-q,r-d-h,H7287,"to tread down, i.e. subjugate; specifically, to crumble off",JA- (R38) + second part of a compound (N07),N07 R01 R05 R07 R11 R24 R38,
JA-DI-KI-TU,d-q-q,r-h-y,H7297,to fear,-TU (N01) + first part of a compound (N07),N01 N07 R01 R07 R24,
JA-DI-KI-TU,d-q-q,r-w-d,H7300,"to tramp about, i.e. ramble (free or disconsolate)",JA- (R38) + second part of a compound (N07),N04 N07 R01 R05 R11 R24 R38,
JA-DI-KI-TU,d-q-q,r-w-y,H7301,to slake the thirst (occasionally of other appetites),-TU (N01) + first part of a compound (N07),N01 N04 N07 R01 R24,
JA-DI-KI-TU,d-q-q,r-w-ḥ,H7304,"properly, to breathe freely, i.e. revive; by implication, to have ample room",-TU (N01) + second part of a compound (N07),N01 N04 N07 R01 R05 R13 R24,ḫ=ḥ
JA-DI-KI-TU,d-q-q,r-w-ṣ,H7323,"to run (for whatever reason, especially to rush)",JA- (R38) + second part of a compound (N07),N04 N07 R01 R05 R11 R24 R38,
JA-DI-KI-TU,d-q-q,r-w-q,H7324,"to pour out (literally or figuratively), i.e. empty",-TU (N01) + second part of a compound (N07),N01 N04 N07 R01 R05 R13 R24,
JA-DI-KI-TU,d-q-q,r-w-š,H7326,to be destitute,JA- (R38) + second part of a compound (N07),N04 N07 R01 R05 R11 R24 R38,ṯ=š
JA-DI-KI-TU,d-q-q,r-ḥ-ṣ,H7364,to lave (the whole or a part of a thing),second part of a compound (N07),N07 R01 R05 R11 R13 R24,ḫ=ḥ
JA-DI-KI-TU,d-q-q,r-ḥ-q,H7368,"to widen (in any direction), i.e. (intransitively) recede or (transitively) remove (literally or figuratively, of place or relation)",-TU (N01) + second part of a compound (N07),N01 N07 R01 R05 R07 R13 R21 R24,
JA-DI-KI-TU,d-q-q,r-ḥ-š,H7370,to gush,second part of a compound (N07),N07 R01 R05 R11 R13 R24,ḫ=ḥ ṯ=š
JA-DI-KI-TU,d-q-q,r-k-k,H7401,"to soften (intransitively or transitively), used figuratively",-TU (N01) + second part of a compound (N07),N01 N07 R01 R05 R08 R13 R24,
JA-DI-KI-TU,d-q-q,r-k-s,H7405,to tie,-TU (N01) + second part of a compound (N07),N01 N07 R01 R05 R13 R22 R24,
JA-DI-KI-TU,d-q-q,r-k-š,H7408,"to lay up, i.e. collect",second part of a compound (N07),N07 R01 R05 R11 R13 R24,ṯ=š
JA-DI-KI-TU,d-q-q,r-ʿ-d,H7460,to shudder (more or less violently),JA- (R38) + second part of a compound (N07),N07 R01 R05 R07 R11 R24 R38,
JA-DI-KI-TU,d-q-q,r-ʿ-y,H7462,"to tend a flock; i.e. pasture it; intransitively, to graze (literally or figuratively); generally to rule; by extension, to associate with (as a friend)",-TU (N01) + first part of a compound (N07),N01 N07 R01 R07 R24,
JA-DI-KI-TU,d-q-q,r-ʿ-ṣ,H7492,"to break in pieces; figuratively, harass",JA- (R38) + second part of a compound (N07),N07 R01 R05 R07 R11 R24 R38,
JA-DI-KI-TU,d-q-q,r-ʿ-š,H7493,"to undulate (as the earth, the sky, etc.; also a field of grain), particularly through fear; specifically, to spring (as a locust)",JA- (R38) + second part of a compound (N07),N07 R01 R05 R07 R11 R24 R38,ṯ=š
JA-DI-KI-TU,d-q-q,r-ṣ-ʾ,H7519,to run; also to delight in,JA- (R38) + second part of a compound (N07),N07 R01 R05 R07 R11 R24 R38,
JA-DI-KI-TU,d-q-q,r-ṣ-h,H7521,"to be pleased with; specifically, to satisfy adebt",JA- (R38) + second part of a compound (N07),N07 R01 R05 R07 R11 R24 R38,
JA-DI-KI-TU,d-q-q,r-ṣ-ḥ,H7523,"properly, to dash in pieces, i.e. kill (a human being), especially to murder",JA- (R38) + second part of a compound (N07),N07 R01 R05 R07 R11 R21 R24 R38,
JA-DI-KI-TU,d-q-q,r-ṣ-ʿ,H7527,to pierce,JA- (R38) + second part of a compound (N07),N07 R01 R05 R07 R11 R24 R38,
JA-DI-KI-TU,d-q-q,r-ṣ-ṣ,H7533,"to crack in pieces, literally or figuratively",JA- (R38) + second part of a compound (N07),N07 R01 R05 R08 R11 R24 R38,
JA-DI-KI-TU,d-q-q,r-q-d,H7540,"properly, to stamp, i.e. to spring about (wildly or for joy)",second part of a compound (N07),N07 R01 R05 R11 R13 R24,
JA-DI-KI-TU,d-q-q,r-q-ḥ,H7543,to perfume,-TU (N01) + second part of a compound (N07),N01 N07 R01 R05 R07 R13 R21 R24,
JA-DI-KI-TU,d-q-q,r-q-ʿ,H7554,"to pound the earth (as a sign of passion); by analogy to expand (by hammering); by implication, to overlay (with thin sheets of metal)",-TU (N01) + second part of a compound (N07),N01 N07 R01 R05 R07 R13 R24,
JA-DI-KI-TU,d-q-q,r-q-q,H7556,to spit,-TU (N01) + second part of a compound (N07),N01 N07 R01 R05 R08 R13 R24,
JA-DI-KI-TU,d-q-q,r-š-ʿ,H7561,"to be (causatively, do or declare) wrong; by implication, to disturb, violate",JA- (R38) + second part of a compound (N07),N07 R01 R05 R07 R11 R24 R38,ṯ=š
JA-DI-KI-TU,d-q-q,r-š-š,H7567,to demolish,JA- (R38) + second part of a compound (N07),N07 R01 R05 R08 R11 R24 R38,ṯ=š
JA-DI-KI-TU,d-q-q,r-t-ḥ,H7570,to boil,-TU (N01) + JA- (R38),N01 R01 R05 R12 R13 R24 R38,ḫ=ḥ
JA-DI-KI-TU,d-q-q,r-t-q,H7576,to fasten,-TU (N01) + JA- (R38),N01 R01 R05 R12 R13 R24 R38,
JA-DI-KI-TU,d-q-q,š-ʾ-h,H7582,"to rush; by implication, to desolate",JA- (R38) + second part of a compound (N07),N07 R01 R05 R07 R11 R38,ṯ=š
JA-DI-KI-TU,d-q-q,š-w-h,H7737,"properly, to level, i.e. equalize; figuratively, to resemble; by implication, to adjust (i.e. counterbalance, be suitable, compose, place, yield, etc.)",JA- (R38) + second part of a compound (N07),N04 N07 R01 R05 R07 R11 R38,ṯ=š
JA-DI-KI-TU,d-q-q,š-w-ḥ,H7743,"to sink, literally or figuratively",JA- (R38) + second part of a compound (N07),N04 N07 R01 R05 R07 R11 R21 R38,ṯ=š
JA-DI-KI-TU,d-q-q,š-w-ʿ,H7768,"properly, to be free; but used only causatively and reflexively, to halloo (for help, i.e. freedom from some trouble)",JA- (R38) + second part of a compound (N07),N04 N07 R01 R05 R07 R11 R38,ṯ=š
JA-DI-KI-TU,d-q-q,š-ḥ-h,H7812,"to depress, i.e. prostrate (especially reflexive, in homage to royalty or God)",JA- (R38) + second part of a compound (N07),N07 R01 R05 R07 R11 R21 R38,ṯ=š
JA-DI-KI-TU,d-q-q,š-ḥ-ḥ,H7817,to sink or depress (reflexive or causative),JA- (R38) + second part of a compound (N07),N07 R01 R05 R07 R11 R21 R38,ṯ=š
JA-DI-KI-TU,d-q-q,š-s-h,H8154,to plunder,JA- (R38) + second part of a compound (N07),N07 R01 R05 R07 R11 R22 R38,ṯ=š
JA-DI-KI-TU,d-q-q,š-s-ʿ,H8156,"to split or tear; figuratively, to upbraid",JA- (R38) + second part of a compound (N07),N07 R01 R05 R07 R11 R22 R38,ṯ=š
JA-DI-KI-TU,d-q-q,š-ʿ-h,H8159,"to gaze at or about (properly, for help); by implication, to inspect, consider, compassionate, be nonplussed (as looking around in amazement) or bewildered",JA- (R38) + second part of a compound (N07),N07 R01 R05 R07 R11 R38,ṯ=š
JA-DI-KI-TU,d-q-q,š-ʿ-ʿ,H8173,"(in a good acceptation) to look upon (with complacency), i.e. fondle, please or amuse (self); (in a bad one) to look about (in dismay), i.e. stare",JA- (R38) + second part of a compound (N07),N07 R01 R05 R07 R11 R38,ṯ=š
JA-DI-KI-TU,d-q-q,š-r-h,H8281,to free,JA- (R38) + second part of a compound (N07),N07 R01 R05 R07 R11 R24 R38,ṯ=š
JA-DI-KI-TU,d-q-q,š-š-ʾ,H8338,to annihilate,JA- (R38) + second part of a compound (N07),N07 R01 R05 R07 R08 R11 R38,ṯ=š
JA-DI-KI-TU,d-q-q,t-ʾ-h,H8376,"to mark off, i.e. (intensively) designate",JA- (R38) + second part of a compound (N07),N07 R01 R05 R07 R11 R38,
JA-DI-KI-TU,d-q-q,t-w-h,H8427,"to mark out, i.e. (primitive) scratch or (definite) imprint",JA- (R38) + second part of a compound (N07),N04 N07 R01 R05 R07 R11 R38,
JA-DI-KI-TU,d-q-q,t-k-h,H8497,"to strew, i.e. encamp",-TU (N01) + JA- (R38),N01 R01 R05 R07 R12 R13 R38,
JA-DI-KI-TU,d-q-q,t-ʿ-h,H8582,"to vacillate, i.e. reel or stray (literally or figuratively); also causative of both",JA- (R38) + second part of a compound (N07),N07 R01 R05 R07 R11 R38,
JA-DI-KI-TU,d-q-q,t-ʿ-ʿ,H8591,"to cheat; by analogy, to maltreat",JA- (R38) + second part of a compound (N07),N07 R01 R05 R07 R11 R38,
JA-DI-KI-TU,d-q-q,t-q-ʿ,H8628,"to clatter, i.e. slap (the hands together), clang (an instrument); by analogy, to drive (a nail or tent-pin, a dart, etc.); by implication, to become bondsman by handclasping)",-TU (N01) + JA- (R38),N01 R01 R05 R07 R12 R13 R38,
JA-SA-SA-RA-ME,y-š-r,ʾ-h-l,H166,to be clear,-ME (R47) + second part of a compound (N07),N07 R01 R07 R09 R47,
JA-SA-SA-RA-ME,y-š-r,ʾ-w-y,H183,to wish for,first part of a compound (N07),N04 N07 R01 R07,
JA-SA-SA-RA-ME,y-š-r,ʾ-w-ṣ,H213,"to press; (by implication) to be close, hurry, withdraw",JA- (R38) + first part of a compound (N07),N04 N07 R01 R06 R07 R38,
JA-SA-SA-RA-ME,y-š-r,ʾ-w-r,H215,"to be (causative, make) luminous (literally and metaphorically)",-ME (R47) + second part of a compound (N07),N04 N07 R01 R07 R09 R47,
JA-SA-SA-RA-ME,y-š-r,ʾ-ḥ-r,H309,to loiter (i.e. be behind); by implication to procrastinate,-ME (R47) + second part of a compound (N07),N07 R01 R07 R09 R21 R47,
JA-SA-SA-RA-ME,y-š-r,ʾ-l-h,H421,to bewail,-ME (R47) + second part of a compound (N07),N07 R01 R07 R09 R47,
JA-SA-SA-RA-ME,y-š-r,ʾ-l-ḥ,H444,"to muddle, i.e. (figuratively and intransitive) to turn (morally) corrupt",-ME (R47) + second part of a compound (N07),N07 R01 R07 R09 R21 R47,
JA-SA-SA-RA-ME,y-š-r,ʾ-l-m,H481,to tie fast; hence (of the mouth) to be tongue-tied,second part of a compound (N07),N07 R01 R07 R09,
JA-SA-SA-RA-ME,y-š-r,ʾ-s-r,H631,"to yoke or hitch; by analogy, to fasten in any sense, to join battle",-ME (R47) + JA- (R38),R01 R06 R07 R09 R17 R38 R47,
JA-SA-SA-RA-ME,y-š-r,ʾ-ṣ-l,H680,"to separate; hence, to select, refuse, contract",-ME (R47) + JA- (R38),R01 R06 R07 R09 R17 R38 R47,
JA-SA-SA-RA-ME,y-š-r,ʾ-ṣ-r,H686,to store up,-ME (R47) + JA- (R38),R01 R06 R07 R09 R17 R38 R47,
JA-SA-SA-RA-ME,y-š-r,ʾ-r-y,H717,to pluck,first part of a compound (N07),N07 R01 R07 R24,
JA-SA-SA-RA-ME,y-š-r,ʾ-r-h,H717,to pluck,-ME (R47) + second part of a compound (N07),N07 R01 R07 R09 R47,
JA-SA-SA-RA-ME,y-š-r,ʾ-r-ḥ,H732,to travel,-ME (R47) + second part of a compound (N07),N07 R01 R07 R09 R21 R47,
JA-SA-SA-RA-ME,y-š-r,ʾ-r-r,H779,to execrate,-ME (R47) + second part of a compound (N07),N07 R01 R07 R08 R09 R47,
JA-SA-SA-RA-ME,y-š-r,ʾ-r-ś,H781,to engage for matrimony,JA- (R38) + first part of a compound (N07),N07 R01 R06 R07 R24 R38,
JA-SA-SA-RA-ME,y-š-r,ʾ-š-r,H833,"to be straight (used in the widest sense, especially to be level, right, happy); figuratively, to go forward, be honest, proper",-ME (R47) + JA- (R38),R01 R06 R07 R09 R17 R18 R38 R47,
JA-SA-SA-RA-ME,y-š-r,h-w-m,H1949,"to make an uproar, or agitate greatly",second part of a compound (N07),N04 N07 R01 R07,
JA-SA-SA-RA-ME,y-š-r,h-y-h,H1961,"to exist, i.e. be or become, come to pass (always emphatic, and not a mere copula or auxiliary)",first part of a compound (N07),N07 R01 R07,
JA-SA-SA-RA-ME,y-š-r,h-y-y,H1961,"to exist, i.e. be or become, come to pass (always emphatic, and not a mere copula or auxiliary)",first part of a compound (N07),N07 R01 R07 R08,
JA-SA-SA-RA-ME,y-š-r,h-l-l,H1984,"to be clear (orig. of sound, but usually of color); to shine; hence, to make ashow, to boast; and thus to be (clamorously) foolish; to rave; causatively, to celebrate; also to stultify",-ME (R47) + second part of a compound (N07),N07 R01 R07 R08 R09 R47,
JA-SA-SA-RA-ME,y-š-r,h-l-m,H1986,"to strike down; by implication, to hammer, stamp, conquer, disband",second part of a compound (N07),N07 R01 R07 R09,
JA-SA-SA-RA-ME,y-š-r,h-m-h,H1993,"to make a loud sound (like English 'hum'); by implication, to be in great commotion or tumult, to rage, war, moan, clamor",second part of a compound (N07),N07 R01 R07,
JA-SA-SA-RA-ME,y-š-r,h-m-m,H2000,"properly, to put in commotion; by implication, to disturb, drive, destroy",second part of a compound (N07),N07 R01 R07 R08,
JA-SA-SA-RA-ME,y-š-r,h-s-h,H2013,to hush,JA- (R38) + first part of a compound (N07),N07 R01 R06 R07 R38,
JA-SA-SA-RA-ME,y-š-r,h-r-y,H2029,"to be (or become) pregnant, conceive (literally or figuratively)",first part of a compound (N07),N07 R01 R07 R24,
JA-SA-SA-RA-ME,y-š-r,h-r-h,H2029,"to be (or become) pregnant, conceive (literally or figuratively)",-ME (R47) + second part of a compound (N07),N07 R01 R07 R09 R47,
JA-SA-SA-RA-ME,y-š-r,h-r-s,H2040,"to pull down or in pieces, break, destroy",JA- (R38) + first part of a compound (N07),N07 R01 R06 R07 R24 R38,
JA-SA-SA-RA-ME,y-š-r,ḥ-w-y,H2331,"properly, to live; by implication (intensively) to declare or show",first part of a compound (N07),N04 N07 R01 R07 R21,
JA-SA-SA-RA-ME,y-š-r,ḥ-w-l,H2342,"properly, to twist or whirl (in a circular or spiral manner), i.e. (specifically) to dance, to writhe in pain (especially of parturition) or fear; figuratively, to wait, to pervert",-ME (R47) + second part of a compound (N07),N04 N07 R01 R07 R09 R21 R47,
JA-SA-SA-RA-ME,y-š-r,ḥ-w-s,H2347,"properly, to cover, i.e. (figuratively) to compassionate",JA- (R38) + first part of a compound (N07),N04 N07 R01 R06 R07 R21 R38,
JA-SA-SA-RA-ME,y-š-r,ḥ-w-r,H2357,to blanch (as with shame),-ME (R47) + second part of a compound (N07),N04 N07 R01 R07 R09 R21 R47,
JA-SA-SA-RA-ME,y-š-r,ḥ-w-š,H2363,"to hurry; figuratively, to be eager with excitement or enjoyment",JA- (R38) + first part of a compound (N07),N04 N07 R01 R06 R07 R21 R38,
JA-SA-SA-RA-ME,y-š-r,ḥ-y-h,H2421,"to live, whether literally or figuratively; causatively, to revive",first part of a compound (N07),N07 R01 R07 R21,
JA-SA-SA-RA-ME,y-š-r,ḥ-y-y,H2421,"to live, whether literally or figuratively; causatively, to revive",first part of a compound (N07),N07 R01 R07 R08 R21,
JA-SA-SA-RA-ME,y-š-r,ḥ-l-ʾ,H2456,to be sick,-ME (R47) + second part of a compound (N07),N07 R01 R07 R09 R21 R47,
JA-SA-SA-RA-ME,y-š-r,ḥ-l-h,H2470,"properly, to be rubbed or worn; hence (figuratively) to be weak, sick, afflicted; or (causatively) to grieve, make sick; also to stroke (in flattering), entreat",-ME (R47) + second part of a compound (N07),N07 R01 R07 R09 R21 R47,
JA-SA-SA-RA-ME,y-š-r,ḥ-l-l,H2490,"properly, to bore, i.e. (by implication) to wound, to dissolve; figuratively, to profane (a person, place or thing), to break (one's word), to begin (as if by an 'opening wedge'); to play (the flute)",-ME (R47) + second part of a compound (N07),N07 R01 R07 R08 R09 R21 R47,
JA-SA-SA-RA-ME,y-š-r,ḥ-l-m,H2492,"properly, to bind firmly, i.e. (by implication) to be (causatively to make) plump; also (through the figurative sense of dumbness) to dream",second part of a compound (N07),N07 R01 R07 R09 R21,
JA-SA-SA-RA-ME,y-š-r,ḥ-m-m,H2552,to be hot (literally or figuratively),second part of a compound (N07),N07 R01 R07 R08 R21,
JA-SA-SA-RA-ME,y-š-r,ḥ-s-y,H2620,"to flee for protection; figuratively, to confide in",first part of a compound (N07),N07 R01 R07 R21 R22,
JA-SA-SA-RA-ME,y-š-r,ḥ-s-h,H2620,"to flee for protection; figuratively, to confide in",JA- (R38) + first part of a compound (N07),N07 R01 R06 R07 R21 R38,
JA-SA-SA-RA-ME,y-š-r,ḥ-s-l,H2628,to eat off,-ME (R47) + JA- (R38),R01 R06 R07 R09 R17 R21 R38 R47,
JA-SA-SA-RA-ME,y-š-r,ḥ-s-m,H2629,"to muzzle; by analogy, to stop the nose",second part of a compound (N07),N07 R01 R07 R21 R22,
JA-SA-SA-RA-ME,y-š-r,ḥ-s-r,H2637,"to lack; by implication, to fail, want, lessen",-ME (R47) + JA- (R38),R01 R06 R07 R09 R17 R21 R38 R47,
JA-SA-SA-RA-ME,y-š-r,ḥ-ṣ-h,H2673,to cut or split in two; to halve,JA- (R38) + first part of a compound (N07),N07 R01 R06 R07 R21 R38,
JA-SA-SA-RA-ME,y-š-r,ḥ-ṣ-ṣ,H2686,"properly, to chop into, pierce or sever; hence, to curtail, to distribute (into ranks);  to shoot an arrow",JA- (R38) + first part of a compound (N07),N07 R01 R06 R07 R21 R38,
JA-SA-SA-RA-ME,y-š-r,ḥ-ṣ-r,H2690,"to trumpet, i.e. blow on that instrument",-ME (R47) + JA- (R38),R01 R06 R07 R09 R17 R21 R38 R47,
JA-SA-SA-RA-ME,y-š-r,ḥ-r-y,H2734,"to glow or grow warm; figuratively (usually) to blaze up, of anger, zeal, jealousy",first part of a compound (N07),N07 R01 R07 R21 R24,
JA-SA-SA-RA-ME,y-š-r,ḥ-r-h,H2734,"to glow or grow warm; figuratively (usually) to blaze up, of anger, zeal, jealousy",-ME (R47) + second part of a compound (N07),N07 R01 R07 R09 R21 R47,
JA-SA-SA-RA-ME,y-š-r,ḥ-r-m,H2763,"to seclude; specifically (by a ban) to devote to religious uses (especially destruction); physical and reflexive, to be blunt as to the nose",second part of a compound (N07),N07 R01 R07 R09 R21,
JA-SA-SA-RA-ME,y-š-r,ḥ-r-ṣ,H2782,"properly, to point sharply, i.e. (literally) to wound; figuratively, to be alert, to decide",JA- (R38) + first part of a compound (N07),N07 R01 R06 R07 R21 R24 R38,
JA-SA-SA-RA-ME,y-š-r,ḥ-r-r,H2787,"to glow, i.e. literally (to melt, burn, dry up) or figuratively (to show or incite passion)",-ME (R47) + second part of a compound (N07),N07 R01 R07 R08 R09 R21 R47,
JA-SA-SA-RA-ME,y-š-r,ḥ-r-š,H2790,"to scratch, i.e. (by implication) to engrave, plough; hence (from the use of tools) to fabricate (of any material); figuratively, to devise (in a bad sense); hence (from the idea of secrecy) to be silent, to let alone; hence (by implication) to be deaf (as an accompaniment of dumbness)",JA- (R38) + first part of a compound (N07),N07 R01 R06 R07 R21 R24 R38,
JA-SA-SA-RA-ME,y-š-r,ḥ-š-h,H2814,to hush or keep quiet,JA- (R38) + first part of a compound (N07),N07 R01 R06 R07 R21 R38,
JA-SA-SA-RA-ME,y-š-r,ḥ-š-l,H2826,"to make (intrans. be) unsteady, i.e. weak",-ME (R47) + JA- (R38),R01 R06 R07 R09 R17 R18 R21 R38 R47,
JA-SA-SA-RA-ME,y-š-r,y-ʾ-y,H2969,to be suitable,first part of a compound (N07),N07 R01 R07 R62,
JA-SA-SA-RA-ME,y-š-r,y-ʾ-h,H2969,to be suitable,first part of a compound (N07),N07 R01 R07,
JA-SA-SA-RA-ME,y-š-r,y-ʾ-l,H2973,"properly, to be slack, i.e. (figuratively) to be foolish",-ME (R47) + second part of a compound (N07),N07 R01 R07 R09 R47 R62,
JA-SA-SA-RA-ME,y-š-r,y-ʾ-š,H2976,"to desist, i.e. (figuratively) to despond",first part of a compound (N07),N07 R01 R06 R07,
JA-SA-SA-RA-ME,y-š-r,y-ḥ-l,H3176,"to wait; by implication, to be patient, hope",-ME (R47) + second part of a compound (N07),N07 R01 R07 R09 R21 R47 R62,
JA-SA-SA-RA-ME,y-š-r,y-ḥ-m,H3179,"probably to be hot; figuratively, to conceive",second part of a compound (N07),N07 R01 R07 R21 R62,
JA-SA-SA-RA-ME,y-š-r,y-ḥ-r,H3186,to delay,-ME (R47) + second part of a compound (N07),N07 R01 R07 R09 R21 R47 R62,
JA-SA-SA-RA-ME,y-š-r,y-ḥ-ś,H3187,to enroll by pedigree,first part of a compound (N07),N07 R01 R06 R07 R21,
JA-SA-SA-RA-ME,y-š-r,y-l-l,H3213,to howl (with a wailing tone) or yell (with a boisterous one),-ME (R47) + second part of a compound (N07),N07 R01 R08 R09 R47 R62,
JA-SA-SA-RA-ME,y-š-r,y-l-ʿ,H3216,to blurt or utter inconsiderately,-ME (R47) + second part of a compound (N07),N07 R01 R07 R09 R47 R62,
JA-SA-SA-RA-ME,y-š-r,y-s-r,H3256,"to chastise, literally (with blows) or figuratively (with words); hence, to instruct",-ME (R47),R01 R06 R09 R17 R47,
JA-SA-SA-RA-ME,y-š-r,y-ʿ-y,H3261,to brush aside,first part of a compound (N07),N07 R01 R07 R62,
JA-SA-SA-RA-ME,y-š-r,y-ʿ-h,H3261,to brush aside,first part of a compound (N07),N07 R01 R07,
JA-SA-SA-RA-ME,y-š-r,y-ʿ-l,H3276,"properly, to ascend; figuratively, to be valuable (objectively; useful, subjectively; benefited)",-ME (R47) + second part of a compound (N07),N07 R01 R07 R09 R47 R62,
JA-SA-SA-RA-ME,y-š-r,y-ʿ-ṣ,H3289,"to advise; reflexively, to deliberate or resolve",first part of a compound (N07),N07 R01 R06 R07,
JA-SA-SA-RA-ME,y-š-r,y-ṣ-ʾ,H3318,"to go (causatively, bring) out, in a great variety of applications, literally and figuratively, direct and proxim.",first part of a compound (N07),N07 R01 R06 R07,
JA-SA-SA-RA-ME,y-š-r,y-ṣ-ʿ,H3331,to strew as a surface,first part of a compound (N07),N07 R01 R06 R07,
JA-SA-SA-RA-ME,y-š-r,y-ṣ-r,H3334,"to press (intransitive), i.e. be narrow; figuratively, be in distress",-ME (R47),R01 R06 R09 R17 R47,
JA-SA-SA-RA-ME,y-š-r,y-r-ʾ,H3372,"to fear; morally, to revere; caus. to frighten",first part of a compound (N07),N07 R01 R07 R24,
JA-SA-SA-RA-ME,y-š-r,y-r-y,H3384,"properly, to flow as water (i.e. to rain); transitively, to lay or throw (especially an arrow, i.e. to shoot); figuratively, to point out (as if by aiming the finger), to teach",first part of a compound (N07),N07 R01 R24 R62,
JA-SA-SA-RA-ME,y-š-r,y-r-h,H3384,"properly, to flow as water (i.e. to rain); transitively, to lay or throw (especially an arrow, i.e. to shoot); figuratively, to point out (as if by aiming the finger), to teach",first part of a compound (N07),N07 R01 R07 R24,
JA-SA-SA-RA-ME,y-š-r,y-r-ʿ,H3415,"properly, to be broken up (with any violent action) i.e. (figuratively) to fear",first part of a compound (N07),N07 R01 R07 R24,
JA-SA-SA-RA-ME,y-š-r,y-r-š,H3423,"to occupy (by driving out previous tenants, and possessing in their place); by implication, to seize, to rob, to inherit; also to expel, to impoverish, to ruin",first part of a compound (N07),N07 R01 R06 R24,
JA-SA-SA-RA-ME,y-š-r,y-š-ʿ,H3467,"properly, to be open, wide or free, i.e. (by implication) to be safe; causatively, to free or succor",first part of a compound (N07),N07 R01 R06 R07,
JA-SA-SA-RA-ME,y-š-r,y-š-r,H3474,"to be straight or even; figuratively, to be (causatively, to make) right, pleasant, prosperous",-ME (R47),R01 R06 R09 R17 R18 R47,
JA-SA-SA-RA-ME,y-š-r,l-ʾ-h,H3811,to tire; (figuratively) to be (or make) disgusted,-ME (R47) + second part of a compound (N07),N07 R01 R07 R09 R47,
JA-SA-SA-RA-ME,y-š-r,l-h-h,H3856,"to be rabid (figuratively, insane); also (from the exhaustion of frenzy) to languish",-ME (R47) + second part of a compound (N07),N07 R01 R07 R09 R47,
JA-SA-SA-RA-ME,y-š-r,l-h-m,H3859,"properly, to burn in, i.e. (figuratively) to rankle",second part of a compound (N07),N07 R01 R07 R09,
JA-SA-SA-RA-ME,y-š-r,l-w-h,H3867,"properly, to twine, i.e. (by implication) to unite, to remain; also to borrow (as a form of obligation) or (caus.) to lend",-ME (R47) + second part of a compound (N07),N04 N07 R01 R07 R09 R47,
JA-SA-SA-RA-ME,y-š-r,l-w-ḥ,H3871,"probably meaning to glisten; a tablet (as polished), of stone, wood or metal",-ME (R47) + second part of a compound (N07),N04 N07 R01 R07 R09 R21 R47,
JA-SA-SA-RA-ME,y-š-r,l-w-ʿ,H3886,"to gulp; figuratively, to be rash",-ME (R47) + second part of a compound (N07),N04 N07 R01 R07 R09 R47,
JA-SA-SA-RA-ME,y-š-r,l-ḥ-m,H3898,"to feed on; figuratively, to consume; by implication, to battle (as destruction)",second part of a compound (N07),N07 R01 R07 R09 R21,
JA-SA-SA-RA-ME,y-š-r,m-ḥ-ʾ,H4222,to rub or strike the hands together (in exultation),second part of a compound (N07),N07 R01 R07 R21,
JA-SA-SA-RA-ME,y-š-r,m-ḥ-h,H4229,"properly, to stroke or rub; by implication, to erase; also to smooth (as if with oil), i.e. grease or make fat; also to touch, i.e. reach to",second part of a compound (N07),N07 R01 R07 R21,
JA-SA-SA-RA-ME,y-š-r,m-s-h,H4529,to dissolve,second part of a compound (N07),N07 R01 R07 R22,
JA-SA-SA-RA-ME,y-š-r,m-r-ʾ,H4754,"to rebel; hence (through the idea of maltreating) to whip, i.e. lash (self with wings, as the ostrich in running)",second part of a compound (N07),N07 R01 R07 R24,
JA-SA-SA-RA-ME,y-š-r,m-r-h,H4784,"to be (causatively, make) bitter (or unpleasant); (figuratively) to rebel (or resist; causatively, to provoke)",second part of a compound (N07),N07 R01 R07 R24,
JA-SA-SA-RA-ME,y-š-r,m-r-ḥ,H4799,"properly, to soften by rubbing or pressure; hence (medicinally) to apply as an emollient",second part of a compound (N07),N07 R01 R07 R21 R24,
JA-SA-SA-RA-ME,y-š-r,n-ʾ-ṣ,H5006,to scorn;,JA- (R38) + first part of a compound (N07),N05 N07 R01 R06 R07 R17 R38,
JA-SA-SA-RA-ME,y-š-r,n-w-s,H5127,"to flit, i.e. vanish away (subside, escape; causatively, chase, impel, deliver)",JA- (R38) + first part of a compound (N07),N04 N05 N07 R01 R06 R17 R38,
JA-SA-SA-RA-ME,y-š-r,n-w-ṣ,H5132,"properly, to flash; hence, to blossom (from the brilliancy of color); also, to fly away (from the quickness of motion)",JA- (R38) + first part of a compound (N07),N04 N05 N07 R01 R06 R17 R38,
JA-SA-SA-RA-ME,y-š-r,n-w-š,H5136,"to be sick, i.e. (figuratively) distressed",JA- (R38) + first part of a compound (N07),N04 N05 N07 R01 R06 R17 R18 R38,
JA-SA-SA-RA-ME,y-š-r,n-ḥ-ṣ,H5169,to be urgent,JA- (R38) + first part of a compound (N07),N05 N07 R01 R06 R07 R17 R21 R38,
JA-SA-SA-RA-ME,y-š-r,n-ḥ-š,H5172,"properly, to hiss, i.e. whisper a (magic) spell; generally, to prognosticate",JA- (R38) + first part of a compound (N07),N05 N07 R01 R06 R07 R17 R18 R21 R38,
JA-SA-SA-RA-ME,y-š-r,n-s-h,H5254,"to test; by implication, to attempt",JA- (R38) + first part of a compound (N07),N05 N07 R01 R06 R07 R17 R38,
JA-SA-SA-RA-ME,y-š-r,n-s-ḥ,H5255,to tear away,JA- (R38) + first part of a compound (N07),N05 N07 R01 R06 R07 R17 R21 R38,
JA-SA-SA-RA-ME,y-š-r,n-s-s,H5263,"to wane, i.e. be sick",JA- (R38) + first part of a compound (N07),N05 N07 R01 R06 R38,
JA-SA-SA-RA-ME,y-š-r,n-s-ʿ,H5265,"properly, to pull up, especially the tent-pins, i.e. start on ajourney",JA- (R38) + first part of a compound (N07),N05 N07 R01 R06 R07 R17 R38,
JA-SA-SA-RA-ME,y-š-r,n-ṣ-ʾ,H5323,to go away,JA- (R38) + first part of a compound (N07),N05 N07 R01 R06 R07 R17 R38,
JA-SA-SA-RA-ME,y-š-r,n-ṣ-h,H5327,"properly, to go forth, i.e. (by implication) to be expelled, and (consequently) desolate; causatively, to lay waste; also (specifically), to quarrel",JA- (R38) + first part of a compound (N07),N05 N07 R01 R06 R07 R17 R38,
JA-SA-SA-RA-ME,y-š-r,n-ṣ-ḥ,H5329,"properly, to glitter from afar, i.e. to be eminent (as a superintendent, especially of the Temple services and its music); to be permanent",JA- (R38) + first part of a compound (N07),N05 N07 R01 R06 R07 R17 R21 R38,
JA-SA-SA-RA-ME,y-š-r,n-ṣ-l,H5337,"to snatch away, whether in a good or a bad sense",-ME (R47) + JA- (R38),N05 R01 R06 R09 R17 R38 R47,
JA-SA-SA-RA-ME,y-š-r,n-ṣ-ṣ,H5340,"to glare, i.e. be bright-colored",JA- (R38) + first part of a compound (N07),N05 N07 R01 R06 R38,
JA-SA-SA-RA-ME,y-š-r,n-ṣ-r,H5341,"to guard, in a good sense (to protect, maintain, obey, etc.) or a bad one (to conceal, etc.)",-ME (R47) + JA- (R38),N05 R01 R06 R09 R17 R38 R47,
JA-SA-SA-RA-ME,y-š-r,n-ś-ʾ,H5375,"to lift, in a great variety of applications, literal and figurative, absolute and relative",JA- (R38) + first part of a compound (N07),N05 N07 R01 R06 R07 R17 R38,
JA-SA-SA-RA-ME,y-š-r,n-š-ʾ,H5377,"to lead astray, i.e. (mentally) to delude, or (morally) to seduce",JA- (R38) + first part of a compound (N07),N05 N07 R01 R06 R07 R17 R18 R38,
JA-SA-SA-RA-ME,y-š-r,n-š-h,H5382,"to forget; figuratively, to neglect; causatively, to remit, remove",JA- (R38) + first part of a compound (N07),N05 N07 R01 R06 R07 R17 R18 R38,
JA-SA-SA-RA-ME,y-š-r,n-š-l,H5394,"to pluck off, i.e. divest, eject or drop",-ME (R47) + JA- (R38),N05 R01 R06 R09 R17 R18 R38 R47,
JA-SA-SA-RA-ME,y-š-r,s-w-r,H5493,to turn off (literal or figurative),-ME (R47) + JA- (R38),N04 R01 R06 R09 R17 R38 R47,
JA-SA-SA-RA-ME,y-š-r,s-ḥ-y,H5500,to sweep away,first part of a compound (N07),N07 R01 R07 R21 R22,
JA-SA-SA-RA-ME,y-š-r,s-ḥ-h,H5500,to sweep away,JA- (R38) + first part of a compound (N07),N07 R01 R06 R07 R21 R38,
JA-SA-SA-RA-ME,y-š-r,s-ḥ-r,H5503,"to travel round (specifically as a pedlar); intensively, to palpitate",-ME (R47) + JA- (R38),R01 R06 R07 R09 R17 R21 R38 R47,
JA-SA-SA-RA-ME,y-š-r,s-l-ʾ,H5537,"to suspend in a balance, i.e. weigh",-ME (R47) + JA- (R38),R01 R06 R07 R09 R17 R38 R47,
JA-SA-SA-RA-ME,y-š-r,s-l-h,H5541,"to hang up, i.e. weigh, or (figuratively) contemn",-ME (R47) + JA- (R38),R01 R06 R07 R09 R17 R38 R47,
JA-SA-SA-RA-ME,y-š-r,s-l-ḥ,H5545,to forgive,-ME (R47) + JA- (R38),R01 R06 R07 R09 R17 R21 R38 R47,
JA-SA-SA-RA-ME,y-š-r,s-l-l,H5549,"to mound up (especially a turnpike); figurative, to exalt; reflexively, to oppose (as by a dam)",-ME (R47) + JA- (R38),R01 R06 R08 R09 R17 R38 R47,
JA-SA-SA-RA-ME,y-š-r,s-ʿ-y,H5584,to rush,first part of a compound (N07),N07 R01 R07 R22,
JA-SA-SA-RA-ME,y-š-r,s-ʿ-h,H5584,to rush,JA- (R38) + first part of a compound (N07),N07 R01 R06 R07 R38,
JA-SA-SA-RA-ME,y-š-r,s-ʿ-r,H5590,"to rush upon; by implication, to toss (transitive or intransitive, literal or figurative)",-ME (R47) + JA- (R38),R01 R06 R07 R09 R17 R38 R47,
JA-SA-SA-RA-ME,y-š-r,s-r-ḥ,H5628,to extend (even to excess),-ME (R47) + JA- (R38),R01 R06 R07 R09 R17 R21 R38 R47,
JA-SA-SA-RA-ME,y-š-r,s-r-r,H5637,"to turn away, i.e. (morally) be refractory",-ME (R47) + JA- (R38),R01 R06 R08 R09 R17 R38 R47,
JA-SA-SA-RA-ME,y-š-r,ʿ-w-y,H5753,"to crook, literally or figuratively",first part of a compound (N07),N04 N07 R01 R07,
JA-SA-SA-RA-ME,y-š-r,ʿ-w-l,H5763,"to suckle, i.e. give milk",-ME (R47) + second part of a compound (N07),N04 N07 R01 R07 R09 R47,
JA-SA-SA-RA-ME,y-š-r,ʿ-w-ṣ,H5779,to consult,JA- (R38) + first part of a compound (N07),N04 N07 R01 R06 R07 R38,
JA-SA-SA-RA-ME,y-š-r,ʿ-w-r,H5782,to wake (literally or figuratively),-ME (R47) + second part of a compound (N07),N04 N07 R01 R07 R09 R47,
JA-SA-SA-RA-ME,y-š-r,ʿ-w-š,H5789,to hasten,JA- (R38) + first part of a compound (N07),N04 N07 R01 R06 R07 R38,
JA-SA-SA-RA-ME,y-š-r,ʿ-l-h,H5927,"to ascend, intransitively (be high) or actively (mount); used in a great variety of senses, primary and secondary, literal and figurative",-ME (R47) + second part of a compound (N07),N07 R01 R07 R09 R47,
JA-SA-SA-RA-ME,y-š-r,ʿ-l-l,H5953,"to effect thoroughly; specifically, to glean (also figuratively); by implication (in a bad sense) to overdo, i.e. maltreat, be saucy to, pain, impose (also literal)",-ME (R47) + second part of a compound (N07),N07 R01 R07 R08 R09 R47,
JA-SA-SA-RA-ME,y-š-r,ʿ-l-m,H5956,"to veil from sight, i.e. conceal (literally or figuratively)",second part of a compound (N07),N07 R01 R07 R09,
JA-SA-SA-RA-ME,y-š-r,ʿ-l-ʿ,H5966,to sip up,-ME (R47) + second part of a compound (N07),N07 R01 R07 R09 R47,
JA-SA-SA-RA-ME,y-š-r,ʿ-m-m,H6004,"to associate; by implication, to overshadow (by huddling together)",second part of a compound (N07),N07 R01 R07 R08,
JA-SA-SA-RA-ME,y-š-r,ʿ-s-s,H6072,"to squeeze out juice; figuratively, to trample",JA- (R38) + first part of a compound (N07),N07 R01 R06 R07 R38,
JA-SA-SA-RA-ME,y-š-r,ʿ-ṣ-h,H6095,"properly, to fasten (or make firm), i.e. to close (the eyes)",JA- (R38) + first part of a compound (N07),N07 R01 R06 R07 R38,
JA-SA-SA-RA-ME,y-š-r,ʿ-ṣ-l,H6101,"to lean idly, i.e. to be indolent or slack",-ME (R47) + JA- (R38),R01 R06 R07 R09 R17 R38 R47,
JA-SA-SA-RA-ME,y-š-r,ʿ-ṣ-r,H6113,"to inclose; by analogy, to hold back; also to maintain, rule, assemble",-ME (R47) + JA- (R38),R01 R06 R07 R09 R17 R38 R47,
JA-SA-SA-RA-ME,y-š-r,ʿ-r-y,H6168,"to be (causatively, make) bare; hence, to empty, pour out, demolish",first part of a compound (N07),N07 R01 R07 R24,
JA-SA-SA-RA-ME,y-š-r,ʿ-r-h,H6168,"to be (causatively, make) bare; hence, to empty, pour out, demolish",-ME (R47) + second part of a compound (N07),N07 R01 R07 R09 R47,
JA-SA-SA-RA-ME,y-š-r,ʿ-r-l,H6188,"to expose or remove the prepuce, whether literal (to go naked) or figurative (to refrain from using)",-ME (R47) + second part of a compound (N07),N07 R01 R07 R09 R24 R47,
JA-SA-SA-RA-ME,y-š-r,ʿ-r-m,H6191,"properly, to be (or make) bare; but used only in the derivative sense (through the idea perhaps of smoothness) to be cunning (usually in a bad sense)",second part of a compound (N07),N07 R01 R07 R09,
JA-SA-SA-RA-ME,y-š-r,ʿ-r-ṣ,H6206,"to awe or (intransitive) to dread; hence, to harass",JA- (R38) + first part of a compound (N07),N07 R01 R06 R07 R24 R38,
JA-SA-SA-RA-ME,y-š-r,ʿ-r-r,H6209,"to bare; figuratively, to demolish",-ME (R47) + second part of a compound (N07),N07 R01 R07 R08 R09 R47,
JA-SA-SA-RA-ME,y-š-r,ʿ-ś-h,H6213,"to do or make, in the broadest sense and widest application",JA- (R38) + first part of a compound (N07),N07 R01 R06 R07 R38,
JA-SA-SA-RA-ME,y-š-r,ʿ-ś-r,H6237,"to tithe, i.e. to take or give atenth",-ME (R47) + JA- (R38),R01 R06 R07 R09 R17 R38 R47,
JA-SA-SA-RA-ME,y-š-r,ʿ-š-r,H6238,"properly, to accumulate; chiefly (specifically) to grow (causatively, make) rich",-ME (R47) + JA- (R38),R01 R06 R07 R09 R17 R18 R38 R47,
JA-SA-SA-RA-ME,y-š-r,ʿ-š-š,H6244,"probably to shrink, i.e. fail",JA- (R38) + first part of a compound (N07),N07 R01 R06 R07 R38,
JA-SA-SA-RA-ME,y-š-r,ṣ-h-l,H6670,"to gleam, i.e. (figuratively) be cheerful; by transference to sound clear (of various animal or human expressions)",-ME (R47) + JA- (R38),R01 R06 R07 R09 R17 R38 R47,
JA-SA-SA-RA-ME,y-š-r,ṣ-h-r,H6671,to press out oil,-ME (R47) + JA- (R38),R01 R06 R07 R09 R17 R38 R47,
JA-SA-SA-RA-ME,y-š-r,ṣ-w-h,H6680,"(intensively) to constitute, enjoin",JA- (R38) + first part of a compound (N07),N04 N07 R01 R06 R07 R38,
JA-SA-SA-RA-ME,y-š-r,ṣ-w-ḥ,H6681,to screech (exultingly),JA- (R38) + first part of a compound (N07),N04 N07 R01 R06 R07 R21 R38,
JA-SA-SA-RA-ME,y-š-r,ṣ-w-ṣ,H6692,"to twinkle, i.e. glance; by analogy, to blossom (figuratively, flourish)",JA- (R38) + first part of a compound (N07),N04 N07 R01 R06 R38,
JA-SA-SA-RA-ME,y-š-r,ṣ-w-r,H6696,"to cramp, i.e. confine (in many applications, literally and figuratively, formative or hostile)",-ME (R47) + JA- (R38),N04 R01 R06 R09 R17 R38 R47,
JA-SA-SA-RA-ME,y-š-r,ṣ-ḥ-ḥ,H6705,"to glare, i.e. be dazzling white",JA- (R38) + first part of a compound (N07),N07 R01 R06 R07 R21 R38,
JA-SA-SA-RA-ME,y-š-r,ṣ-l-h,H6740,to roast,-ME (R47) + JA- (R38),R01 R06 R07 R09 R17 R38 R47,
JA-SA-SA-RA-ME,y-š-r,ṣ-l-ḥ,H6743,"to push forward, in various senses (literal or figurative, transitive or intransitive)",-ME (R47) + JA- (R38),R01 R06 R07 R09 R17 R21 R38 R47,
JA-SA-SA-RA-ME,y-š-r,ṣ-l-l,H6749,"properly, to tumble down, i.e. settle by awaving motion",-ME (R47) + JA- (R38),R01 R06 R08 R09 R17 R38 R47,
JA-SA-SA-RA-ME,y-š-r,ṣ-l-ʿ,H6760,to limp (as if one-sided),-ME (R47) + JA- (R38),R01 R06 R07 R09 R17 R38 R47,
JA-SA-SA-RA-ME,y-š-r,ṣ-ʿ-h,H6808,"to tip over (for the purpose of spilling or pouring out), i.e. (figuratively) depopulate; by implication, to imprison or conquer; (reflexive) to lie down (for coitus)",JA- (R38) + first part of a compound (N07),N07 R01 R06 R07 R38,
JA-SA-SA-RA-ME,y-š-r,ṣ-ʿ-r,H6819,"to be small, i.e. (figuratively) ignoble",-ME (R47) + JA- (R38),R01 R06 R07 R09 R17 R38 R47,
JA-SA-SA-RA-ME,y-š-r,ṣ-r-ḥ,H6873,"to be clear (in tone, i.e. shrill), i.e. to whoop",-ME (R47) + JA- (R38),R01 R06 R07 R09 R17 R21 R38 R47,
JA-SA-SA-RA-ME,y-š-r,ṣ-r-ʿ,H6879,"to scourge, i.e. (intransitive and figurative) to be stricken with leprosy",-ME (R47) + JA- (R38),R01 R06 R07 R09 R17 R38 R47,
JA-SA-SA-RA-ME,y-š-r,ṣ-r-r,H6887,"to cramp, literally or figuratively, transitive or intransitive",-ME (R47) + JA- (R38),R01 R06 R08 R09 R17 R38 R47,
JA-SA-SA-RA-ME,y-š-r,r-ʾ-y,H7200,"to see, literally or figuratively (in numerous applications, direct and implied, transitive, intransitive and causative)",first part of a compound (N07),N07 R01 R07 R24,
JA-SA-SA-RA-ME,y-š-r,r-ʾ-h,H7200,"to see, literally or figuratively (in numerous applications, direct and implied, transitive, intransitive and causative)",-ME (R47) + second part of a compound (N07),N07 R01 R07 R09 R47,
JA-SA-SA-RA-ME,y-š-r,r-ʾ-m,H7213,to rise,second part of a compound (N07),N07 R01 R07 R09,
JA-SA-SA-RA-ME,y-š-r,r-h-y,H7297,to fear,first part of a compound (N07),N07 R01 R07 R24,
JA-SA-SA-RA-ME,y-š-r,r-h-h,H7297,to fear,-ME (R47) + second part of a compound (N07),N07 R01 R07 R09 R47,
JA-SA-SA-RA-ME,y-š-r,r-w-y,H7301,to slake the thirst (occasionally of other appetites),first part of a compound (N07),N04 N07 R01 R24,
JA-SA-SA-RA-ME,y-š-r,r-w-h,H7301,to slake the thirst (occasionally of other appetites),-ME (R47) + second part of a compound (N07),N04 N07 R01 R07 R09 R47,
JA-SA-SA-RA-ME,y-š-r,r-w-ḥ,H7304,"properly, to breathe freely, i.e. revive; by implication, to have ample room",-ME (R47) + second part of a compound (N07),N04 N07 R01 R07 R09 R21 R47,
JA-SA-SA-RA-ME,y-š-r,r-w-m,H7311,"to be high actively, to rise or raise (in various applications, literally or figuratively)",second part of a compound (N07),N04 N07 R01 R09,
JA-SA-SA-RA-ME,y-š-r,r-w-ʿ,H7321,"to mar (especially by breaking); figuratively, to split the ears (with sound), i.e. shout (for alarm or joy)",-ME (R47) + second part of a compound (N07),N04 N07 R01 R07 R09 R47,
JA-SA-SA-RA-ME,y-š-r,r-w-ṣ,H7323,"to run (for whatever reason, especially to rush)",JA- (R38) + first part of a compound (N07),N04 N07 R01 R06 R24 R38,
JA-SA-SA-RA-ME,y-š-r,r-w-r,H7325,"to slaver (with spittle), i.e. (by analogy) to emit afluid (ulcerous or natural)",-ME (R47) + second part of a compound (N07),N04 N07 R01 R09 R24 R47,
JA-SA-SA-RA-ME,y-š-r,r-w-š,H7326,to be destitute,JA- (R38) + first part of a compound (N07),N04 N07 R01 R06 R24 R38,
JA-SA-SA-RA-ME,y-š-r,r-ḥ-m,H7355,"to fondle; by implication, to love, especially to compassionate",second part of a compound (N07),N07 R01 R07 R09 R21,
JA-SA-SA-RA-ME,y-š-r,r-ḥ-ṣ,H7364,to lave (the whole or a part of a thing),JA- (R38) + first part of a compound (N07),N07 R01 R06 R07 R21 R24 R38,
JA-SA-SA-RA-ME,y-š-r,r-ḥ-š,H7370,to gush,JA- (R38) + first part of a compound (N07),N07 R01 R06 R07 R21 R24 R38,
JA-SA-SA-RA-ME,y-š-r,r-m-h,H7411,"to hurl; specifically, to shoot; figuratively, to delude or betray (as if causing to fall)",second part of a compound (N07),N07 R01 R07 R09,
JA-SA-SA-RA-ME,y-š-r,r-m-m,H7426,to rise (literally or figuratively),second part of a compound (N07),N07 R01 R08 R09,
JA-SA-SA-RA-ME,y-š-r,r-s-s,H7450,to moisten (with drops),JA- (R38) + first part of a compound (N07),N07 R01 R06 R24 R38,
JA-SA-SA-RA-ME,y-š-r,r-ʿ-y,H7462,"to tend a flock; i.e. pasture it; intransitively, to graze (literally or figuratively); generally to rule; by extension, to associate with (as a friend)",first part of a compound (N07),N07 R01 R07 R24,
JA-SA-SA-RA-ME,y-š-r,r-ʿ-h,H7462,"to tend a flock; i.e. pasture it; intransitively, to graze (literally or figuratively); generally to rule; by extension, to associate with (as a friend)",-ME (R47) + second part of a compound (N07),N07 R01 R07 R09 R47,
JA-SA-SA-RA-ME,y-š-r,r-ʿ-l,H7477,"to reel, i.e. (figuratively) to brandish",-ME (R47) + second part of a compound (N07),N07 R01 R07 R09 R24 R47,
JA-SA-SA-RA-ME,y-š-r,r-ʿ-m,H7481,"to tumble, i.e. be violently agitated; specifically, to crash (of thunder); figuratively, to irritate (with anger)",second part of a compound (N07),N07 R01 R07 R09,
JA-SA-SA-RA-ME,y-š-r,r-ʿ-ʿ,H7489,"properly, to spoil (literally, by breaking to pieces); figuratively, to make (or be) good fornothing, i.e. bad (physically, socially or morally)",-ME (R47) + second part of a compound (N07),N07 R01 R07 R09 R47,
JA-SA-SA-RA-ME,y-š-r,r-ʿ-ṣ,H7492,"to break in pieces; figuratively, harass",JA- (R38) + first part of a compound (N07),N07 R01 R06 R07 R24 R38,
JA-SA-SA-RA-ME,y-š-r,r-ʿ-š,H7493,"to undulate (as the earth, the sky, etc.; also a field of grain), particularly through fear; specifically, to spring (as a locust)",JA- (R38) + first part of a compound (N07),N07 R01 R06 R07 R24 R38,
JA-SA-SA-RA-ME,y-š-r,r-ṣ-ʾ,H7519,to run; also to delight in,JA- (R38) + first part of a compound (N07),N07 R01 R06 R07 R24 R38,
JA-SA-SA-RA-ME,y-š-r,r-ṣ-h,H7521,"to be pleased with; specifically, to satisfy adebt",JA- (R38) + first part of a compound (N07),N07 R01 R06 R07 R24 R38,
JA-SA-SA-RA-ME,y-š-r,r-ṣ-ḥ,H7523,"properly, to dash in pieces, i.e. kill (a human being), especially to murder",JA- (R38) + first part of a compound (N07),N07 R01 R06 R07 R21 R24 R38,
JA-SA-SA-RA-ME,y-š-r,r-ṣ-ʿ,H7527,to pierce,JA- (R38) + first part of a compound (N07),N07 R01 R06 R07 R24 R38,
JA-SA-SA-RA-ME,y-š-r,r-ṣ-ṣ,H7533,"to crack in pieces, literally or figuratively",JA- (R38) + first part of a compound (N07),N07 R01 R06 R24 R38,
JA-SA-SA-RA-ME,y-š-r,r-š-ʿ,H7561,"to be (causatively, do or declare) wrong; by implication, to disturb, violate",JA- (R38) + first part of a compound (N07),N07 R01 R06 R07 R24 R38,
JA-SA-SA-RA-ME,y-š-r,r-š-š,H7567,to demolish,JA- (R38) + first part of a compound (N07),N07 R01 R06 R24 R38,
JA-SA-SA-RA-ME,y-š-r,š-ʾ-h,H7582,"to rush; by implication, to desolate",JA- (R38) + first part of a compound (N07),N07 R01 R06 R07 R38,
JA-SA-SA-RA-ME,y-š-r,š-ʾ-l,H7592,"to inquire; by implication, to request; by extension, to demand",-ME (R47) + JA- (R38),R01 R06 R07 R09 R17 R18 R38 R47,
JA-SA-SA-RA-ME,y-š-r,š-ʾ-s,H7601,to plunder,JA- (R38) + first part of a compound (N07),N07 R01 R06 R07 R38,
JA-SA-SA-RA-ME,y-š-r,š-ʾ-r,H7604,"properly, to swell up, i.e. be (causatively, make) redundant",-ME (R47) + JA- (R38),R01 R06 R07 R09 R17 R18 R38 R47,
JA-SA-SA-RA-ME,y-š-r,š-w-h,H7737,"properly, to level, i.e. equalize; figuratively, to resemble; by implication, to adjust (i.e. counterbalance, be suitable, compose, place, yield, etc.)",JA- (R38) + first part of a compound (N07),N04 N07 R01 R06 R07 R38,
JA-SA-SA-RA-ME,y-š-r,ś-w-ḥ,H7742,to muse pensively,JA- (R38) + first part of a compound (N07),N04 N07 R01 R06 R07 R21 R38,
JA-SA-SA-RA-ME,y-š-r,š-w-ḥ,H7743,"to sink, literally or figuratively",JA- (R38) + first part of a compound (N07),N04 N07 R01 R06 R07 R21 R38,
JA-SA-SA-RA-ME,y-š-r,š-w-ʿ,H7768,"properly, to be free; but used only causatively and reflexively, to halloo (for help, i.e. freedom from some trouble)",JA- (R38) + first part of a compound (N07),N04 N07 R01 R06 R07 R38,
JA-SA-SA-RA-ME,y-š-r,ś-w-r,H7786,"properly, to vanquish; by implication, to rule (causatively, crown)",-ME (R47) + JA- (R38),N04 R01 R06 R09 R17 R38 R47,
JA-SA-SA-RA-ME,y-š-r,š-w-r,H7788,"properly, to turn, i.e. travel about (as a harlot or a merchant)",-ME (R47) + JA- (R38),N04 R01 R06 R09 R17 R18 R38 R47,
JA-SA-SA-RA-ME,y-š-r,ś-w-ś,H7797,"to be bright, i.e. cheerful",JA- (R38) + first part of a compound (N07),N04 N07 R01 R06 R38,
JA-SA-SA-RA-ME,y-š-r,ś-ḥ-h,H7811,"to swim; causatively, to inundate",JA- (R38) + first part of a compound (N07),N07 R01 R06 R07 R21 R38,
JA-SA-SA-RA-ME,y-š-r,š-ḥ-h,H7812,"to depress, i.e. prostrate (especially reflexive, in homage to royalty or God)",JA- (R38) + first part of a compound (N07),N07 R01 R06 R07 R21 R38,
JA-SA-SA-RA-ME,y-š-r,š-ḥ-ḥ,H7817,to sink or depress (reflexive or causative),JA- (R38) + first part of a compound (N07),N07 R01 R06 R07 R21 R38,
JA-SA-SA-RA-ME,y-š-r,š-ḥ-r,H7835,to be dim or dark (in color),-ME (R47) + JA- (R38),R01 R06 R07 R09 R17 R18 R21 R38 R47,
JA-SA-SA-RA-ME,y-š-r,š-l-h,H7951,"to be tranquil, i.e. secure or successful",-ME (R47) + JA- (R38),R01 R06 R07 R09 R17 R18 R38 R47,
JA-SA-SA-RA-ME,y-š-r,š-l-ḥ,H7971,"to send away, for, or out (in a great variety of applications)",-ME (R47) + JA- (R38),R01 R06 R07 R09 R17 R18 R21 R38 R47,
JA-SA-SA-RA-ME,y-š-r,š-l-l,H7997,"to drop or strip; by implication, to plunder",-ME (R47) + JA- (R38),R01 R06 R08 R09 R17 R18 R38 R47,
JA-SA-SA-RA-ME,y-š-r,š-l-m,H7999,"to be safe (in mind, body or estate); figuratively, to be (causatively, make) completed; by implication, to be friendly; by extension, to reciprocate (in various applications)",JA- (R38),R01 R06 R09 R17 R18 R38,
JA-SA-SA-RA-ME,y-š-r,š-s-h,H8154,to plunder,JA- (R38) + first part of a compound (N07),N07 R01 R06 R07 R38,
JA-SA-SA-RA-ME,y-š-r,š-s-s,H8155,to plunder,JA- (R38) + first part of a compound (N07),N07 R01 R06 R08 R38,
JA-SA-SA-RA-ME,y-š-r,š-s-ʿ,H8156,"to split or tear; figuratively, to upbraid",JA- (R38) + first part of a compound (N07),N07 R01 R06 R07 R38,
JA-SA-SA-RA-ME,y-š-r,š-ʿ-h,H8159,"to gaze at or about (properly, for help); by implication, to inspect, consider, compassionate, be nonplussed (as looking around in amazement) or bewildered",JA- (R38) + first part of a compound (N07),N07 R01 R06 R07 R38,
JA-SA-SA-RA-ME,y-š-r,š-ʿ-ʿ,H8173,"(in a good acceptation) to look upon (with complacency), i.e. fondle, please or amuse (self); (in a bad one) to look about (in dismay), i.e. stare",JA- (R38) + first part of a compound (N07),N07 R01 R06 R07 R38,
JA-SA-SA-RA-ME,y-š-r,ś-ʿ-r,H8175,"to storm; by implication, to shiver, i.e. fear",-ME (R47) + JA- (R38),R01 R06 R07 R09 R17 R38 R47,
JA-SA-SA-RA-ME,y-š-r,š-ʿ-r,H8176,to act as gatekeeper; (figuratively) to estimate,-ME (R47) + JA- (R38),R01 R06 R07 R09 R17 R18 R38 R47,
JA-SA-SA-RA-ME,y-š-r,ś-r-h,H8280,to prevail,-ME (R47) + JA- (R38),R01 R06 R07 R09 R17 R38 R47,
JA-SA-SA-RA-ME,y-š-r,š-r-h,H8281,to free,-ME (R47) + JA- (R38),R01 R06 R07 R09 R17 R18 R38 R47,
JA-SA-SA-RA-ME,y-š-r,ś-r-ʿ,H8311,"to prolong, i.e. (reflex) be deformed by excess of members",-ME (R47) + JA- (R38),R01 R06 R07 R09 R17 R38 R47,
JA-SA-SA-RA-ME,y-š-r,š-r-ṣ,H8317,"to wriggle, i.e. (by implication) swarm or abound",JA- (R38) + first part of a compound (N07),N07 R01 R06 R24 R38,
JA-SA-SA-RA-ME,y-š-r,ś-r-r,H8323,"to have (transitively, exercise; reflexively, get) dominion",-ME (R47) + JA- (R38),R01 R06 R08 R09 R17 R38 R47,
JA-SA-SA-RA-ME,y-š-r,š-r-r,H8324,to be hostile (only active participle an opponent),-ME (R47) + JA- (R38),R01 R06 R08 R09 R17 R18 R38 R47,
JA-SA-SA-RA-ME,y-š-r,š-r-š,H8327,"to root, i.e. strike into the soil, or (by implication) to pluck from it",JA- (R38) + first part of a compound (N07),N07 R01 R06 R24 R38,
JA-SA-SA-RA-ME,y-š-r,š-š-ʾ,H8338,to annihilate,JA- (R38) + first part of a compound (N07),N07 R01 R06 R07 R38,
U-NA-KA-NA-SI,k-n-s,ʾ-w-ṣ,H213,"to press; (by implication) to be close, hurry, withdraw",second part of a compound (N07),N04 N07 R01 R06 R07,
U-NA-KA-NA-SI,k-n-s,ʾ-n-h,H578,to groan,first part of a compound (N07),N07 R01 R07,
U-NA-KA-NA-SI,k-n-s,ʾ-n-ḥ,H584,to sigh,first part of a compound (N07),N07 R01 R07 R21,
U-NA-KA-NA-SI,k-n-s,ʾ-n-n,H596,"to mourn, i.e. complain",first part of a compound (N07),N07 R01 R07 R08,
U-NA-KA-NA-SI,k-n-s,ʾ-n-q,H602,to shriek,first part of a compound (N07),N07 R01 R05 R07 R13,
U-NA-KA-NA-SI,k-n-s,ʾ-n-š,H605,"to be frail, feeble, or (figuratively) melancholy",second part of a compound (N07),N07 R01 R06 R07,
U-NA-KA-NA-SI,k-n-s,ʾ-r-g,H707,to plait or weave,U-NA- (R42) + first part of a compound (N07),N07 R01 R05 R07 R13 R24 R42,
U-NA-KA-NA-SI,k-n-s,ʾ-r-ḥ,H732,to travel,U-NA- (R42) + first part of a compound (N07),N07 R01 R05 R07 R13 R24 R42,ḫ=ḥ
U-NA-KA-NA-SI,k-n-s,ʾ-r-k,H748,"to be (causative, make) long (literally or figuratively)",U-NA- (R42) + first part of a compound (N07),N07 R01 R05 R07 R13 R24 R42,
U-NA-KA-NA-SI,k-n-s,ʾ-r-ś,H781,to engage for matrimony,second part of a compound (N07),N07 R01 R06 R07 R24,
U-NA-KA-NA-SI,k-n-s,g-ʾ-h,H1342,"to mount up; hence, in general, to rise, (figuratively) be majestic",U-NA- (R42) + first part of a compound (N07),N07 R01 R05 R07 R13 R42,
U-NA-KA-NA-SI,k-n-s,g-h-h,H1455,"to remove (a bandage from a wound, i.e. heal it)",U-NA- (R42) + first part of a compound (N07),N07 R01 R05 R07 R13 R42,
U-NA-KA-NA-SI,k-n-s,g-w-ʿ,H1478,"to breathe out, i.e. (by implication) expire",U-NA- (R42) + first part of a compound (N07),N04 N07 R01 R05 R07 R13 R42,
U-NA-KA-NA-SI,k-n-s,g-n-n,H1598,"to hedge about, i.e. (generally) protect",U-NA- (R42) + first part of a compound (N07),N07 R01 R05 R08 R13 R42,
U-NA-KA-NA-SI,k-n-s,g-ʿ-h,H1600,to bellow (as cattle),U-NA- (R42) + first part of a compound (N07),N07 R01 R05 R07 R13 R42,
U-NA-KA-NA-SI,k-n-s,g-r-h,H1624,"properly, to grate, i.e. (figuratively) to anger",U-NA- (R42) + first part of a compound (N07),N07 R01 R05 R07 R13 R24 R42,
U-NA-KA-NA-SI,k-n-s,g-r-ʿ,H1639,"to scrape off; by implication, to shave, remove, lessen, withhold",U-NA- (R42) + first part of a compound (N07),N07 R01 R05 R07 R13 R24 R42,
U-NA-KA-NA-SI,k-n-s,h-g-h,H1897,"to murmur (in pleasure or anger); by implication, to ponder",U-NA- (R42) + first part of a compound (N07),N07 R01 R05 R07 R13 R42,
U-NA-KA-NA-SI,k-n-s,h-w-n,H1951,"properly, to be naught, i.e. (figuratively) to be (causatively, act) light",first part of a compound (N07),N04 N07 R01 R07,
U-NA-KA-NA-SI,k-n-s,h-s-h,H2013,to hush,second part of a compound (N07),N07 R01 R06 R07,
U-NA-KA-NA-SI,k-n-s,h-r-g,H2026,to smite with deadly intent,U-NA- (R42) + first part of a compound (N07),N07 R01 R05 R07 R13 R24 R42,
U-NA-KA-NA-SI,k-n-s,h-r-s,H2040,"to pull down or in pieces, break, destroy",second part of a compound (N07),N07 R01 R06 R07 R24,
U-NA-KA-NA-SI,k-n-s,ḥ-g-g,H2287,"properly, to move in acircle, i.e. (specifically) to march in asacred procession, to observe afestival; by implication, to be giddy",U-NA- (R42) + first part of a compound (N07),N07 R01 R05 R07 R08 R13 R21 R42,
U-NA-KA-NA-SI,k-n-s,ḥ-w-g,H2328,to describe a circle,U-NA- (R42) + first part of a compound (N07),N04 N07 R01 R05 R07 R13 R21 R42,
U-NA-KA-NA-SI,k-n-s,ḥ-w-h,H2331,"properly, to live; by implication (intensively) to declare or show",U-NA- (R42) + first part of a compound (N07),N04 N07 R01 R05 R07 R13 R42,ḫ=ḥ
U-NA-KA-NA-SI,k-n-s,ḥ-w-s,H2347,"properly, to cover, i.e. (figuratively) to compassionate",second part of a compound (N07),N04 N07 R01 R06 R07 R21,
U-NA-KA-NA-SI,k-n-s,ḥ-w-š,H2363,"to hurry; figuratively, to be eager with excitement or enjoyment",second part of a compound (N07),N04 N07 R01 R06 R07 R21,
U-NA-KA-NA-SI,k-n-s,ḥ-k-h,H2442,"properly, to adhere to; hence, to await",U-NA- (R42) + first part of a compound (N07),N07 R01 R05 R07 R13 R21 R42,
U-NA-KA-NA-SI,k-n-s,ḥ-n-h,H2583,"properly, to incline; by implication, to decline (of the slanting rays of evening); specifically, to pitch atent; gen. to encamp (for abode or siege)",first part of a compound (N07),N07 R01 R07,
U-NA-KA-NA-SI,k-n-s,ḥ-n-k,H2596,"properly, to narrow; figuratively, to initiate or discipline",first part of a compound (N07),N07 R01 R05 R07 R13,
U-NA-KA-NA-SI,k-n-s,ḥ-n-n,H2603,"properly, to bend or stoop in kindness to an inferior; to favor, bestow; causatively to implore (i.e. move to favor by petition)",first part of a compound (N07),N07 R01 R07 R08,
U-NA-KA-NA-SI,k-n-s,ḥ-n-q,H2614,"to be narrow; by implication, to throttle, or (reflex.) to choke oneself to death (by a rope)",first part of a compound (N07),N07 R01 R05 R07 R13,
U-NA-KA-NA-SI,k-n-s,ḥ-s-h,H2620,"to flee for protection; figuratively, to confide in",second part of a compound (N07),N07 R01 R06 R07 R21,
U-NA-KA-NA-SI,k-n-s,ḥ-s-n,H2630,"properly, to (be) compact; by implication, to hoard",first part of a compound (N07),N07 R01 R07 R22,
U-NA-KA-NA-SI,k-n-s,ḥ-ṣ-h,H2673,to cut or split in two; to halve,second part of a compound (N07),N07 R01 R06 R07 R21,
U-NA-KA-NA-SI,k-n-s,ḥ-ṣ-ṣ,H2686,"properly, to chop into, pierce or sever; hence, to curtail, to distribute (into ranks);  to shoot an arrow",second part of a compound (N07),N07 R01 R06 R07 R08 R21,
U-NA-KA-NA-SI,k-n-s,ḥ-q-h,H2707,"to carve; by implication, to delineate; also to entrench",U-NA- (R42) + first part of a compound (N07),N07 R01 R05 R07 R13 R21 R42,
U-NA-KA-NA-SI,k-n-s,ḥ-q-q,H2710,"properly, to hack, i.e. engrave (Judges 5:14, to be a scribe simply); by implication, to enact (laws being cut in stone or metal tablets in primitive times) or (gen.) prescribe",U-NA- (R42) + first part of a compound (N07),N07 R01 R05 R07 R08 R13 R21 R42,
U-NA-KA-NA-SI,k-n-s,ḥ-r-g,H2727,"properly, to leap suddenly, i.e. (by implication) to be dismayed",U-NA- (R42) + first part of a compound (N07),N07 R01 R05 R07 R13 R21 R24 R42,
U-NA-KA-NA-SI,k-n-s,ḥ-r-h,H2734,"to glow or grow warm; figuratively (usually) to blaze up, of anger, zeal, jealousy",U-NA- (R42) + first part of a compound (N07),N07 R01 R05 R07 R13 R24 R42,ḫ=ḥ
U-NA-KA-NA-SI,k-n-s,ḥ-r-k,H2760,to braid (i.e. to entangle or snare) or catch (game) in anet,U-NA- (R42) + first part of a compound (N07),N07 R01 R05 R07 R13 R21 R24 R42,
U-NA-KA-NA-SI,k-n-s,ḥ-r-ṣ,H2782,"properly, to point sharply, i.e. (literally) to wound; figuratively, to be alert, to decide",second part of a compound (N07),N07 R01 R06 R07 R21 R24,
U-NA-KA-NA-SI,k-n-s,ḥ-r-q,H2786,to grate the teeth,U-NA- (R42) + first part of a compound (N07),N07 R01 R05 R07 R13 R21 R24 R42,
U-NA-KA-NA-SI,k-n-s,ḥ-r-š,H2790,"to scratch, i.e. (by implication) to engrave, plough; hence (from the use of tools) to fabricate (of any material); figuratively, to devise (in a bad sense); hence (from the idea of secrecy) to be silent, to let alone; hence (by implication) to be deaf (as an accompaniment of dumbness)",second part of a compound (N07),N07 R01 R06 R07 R21 R24,
U-NA-KA-NA-SI,k-n-s,ḥ-š-h,H2814,to hush or keep quiet,second part of a compound (N07),N07 R01 R06 R07 R21,
U-NA-KA-NA-SI,k-n-s,y-ʾ-š,H2976,"to desist, i.e. (figuratively) to despond",second part of a compound (N07),N07 R01 R06 R07 R62,
U-NA-KA-NA-SI,k-n-s,y-g-h,H3013,to grieve,U-NA- (R42) + first part of a compound (N07),N07 R01 R05 R07 R13 R42 R62,
U-NA-KA-NA-SI,k-n-s,y-g-ʿ,H3021,"properly, to gasp; hence, to be exhausted, to tire, to toil",U-NA- (R42) + first part of a compound (N07),N07 R01 R05 R07 R13 R42 R62,
U-NA-KA-NA-SI,k-n-s,y-ḥ-ś,H3187,to enroll by pedigree,second part of a compound (N07),N07 R01 R06 R07 R21 R62,
U-NA-KA-NA-SI,k-n-s,y-k-ḥ,H3198,"to be right (i.e. correct); reciprocal, to argue; causatively, to decide, justify or convict",U-NA- (R42) + first part of a compound (N07),N07 R01 R05 R07 R13 R21 R42 R62,
U-NA-KA-NA-SI,k-n-s,y-n-h,H3238,"to rage or be violent; by implication, to suppress, to maltreat",first part of a compound (N07),N07 R01 R02 R07 R62,
U-NA-KA-NA-SI,k-n-s,y-n-ḥ,H3240,"to deposit; by implication, to allow to stay",first part of a compound (N07),N07 R01 R02 R07 R21 R62,
U-NA-KA-NA-SI,k-n-s,y-n-q,H3243,"to suck; causatively, to give milk",first part of a compound (N07),N07 R01 R02 R05 R13 R62,
U-NA-KA-NA-SI,k-n-s,y-s-k,H3251,to pour (intransitive),U-NA- (R42) + first part of a compound (N07),N07 R01 R05 R13 R22 R42 R62,
U-NA-KA-NA-SI,k-n-s,y-ʿ-ṣ,H3289,"to advise; reflexively, to deliberate or resolve",second part of a compound (N07),N07 R01 R06 R07 R62,
U-NA-KA-NA-SI,k-n-s,y-ṣ-ʾ,H3318,"to go (causatively, bring) out, in a great variety of applications, literally and figuratively, direct and proxim.",second part of a compound (N07),N07 R01 R06 R07 R62,
U-NA-KA-NA-SI,k-n-s,y-ṣ-ʿ,H3331,to strew as a surface,second part of a compound (N07),N07 R01 R06 R07 R62,
U-NA-KA-NA-SI,k-n-s,y-q-ʿ,H3363,"properly, to sever oneself, i.e. (by implication) to be dislocated; figuratively, to abandon; causatively, to impale (and thus allow to drop to pieces by rotting)",U-NA- (R42) + first part of a compound (N07),N07 R01 R05 R07 R13 R42 R62,
U-NA-KA-NA-SI,k-n-s,y-r-q,H3417,to spit,U-NA- (R42) + first part of a compound (N07),N07 R01 R05 R13 R24 R42 R62,
U-NA-KA-NA-SI,k-n-s,y-r-š,H3423,"to occupy (by driving out previous tenants, and possessing in their place); by implication, to seize, to rob, to inherit; also to expel, to impoverish, to ruin",second part of a compound (N07),N07 R01 R06 R24 R62,
U-NA-KA-NA-SI,k-n-s,y-š-ʿ,H3467,"properly, to be open, wide or free, i.e. (by implication) to be safe; causatively, to free or succor",second part of a compound (N07),N07 R01 R06 R07 R62,
U-NA-KA-NA-SI,k-n-s,k-ʾ-h,H3512,"to despond; causatively, to deject",U-NA- (R42) + first part of a compound (N07),N07 R01 R05 R07 R13 R42,
U-NA-KA-NA-SI,k-n-s,k-h-h,H3543,"to be weak, i.e. (figuratively) to despond (causatively, rebuke), or (of light, the eye) to grow dull",U-NA- (R42) + first part of a compound (N07),N07 R01 R05 R07 R13 R42,
U-NA-KA-NA-SI,k-n-s,k-h-n,H3547,"to officiate as a priest; figuratively, to put on regalia",U-NA- (R42) + first part of a compound (N07),N07 R01 R05 R07 R13 R42,
U-NA-KA-NA-SI,k-n-s,k-w-h,H3554,"properly, to prick or penetrate; hence, to blister (as smarting or eating into)",U-NA- (R42) + first part of a compound (N07),N04 N07 R01 R05 R07 R13 R42,
U-NA-KA-NA-SI,k-n-s,k-w-n,H3559,"properly, to be erect (i.e. stand perpendicular); hence (causatively) to set up, in a great variety of applications, whether literal (establish, fix, prepare, apply), or figurative (appoint, render sure, proper or prosperous)",U-NA- (R42) + first part of a compound (N07),N04 N07 R01 R05 R13 R42,
U-NA-KA-NA-SI,k-n-s,k-n-h,H3655,"to address by an additional name; hence, to eulogize",U-NA- (R42) + first part of a compound (N07),N07 R01 R05 R07 R13 R42,
U-NA-KA-NA-SI,k-n-s,k-n-n,H3661,"to set out, i.e. plant",U-NA- (R42) + first part of a compound (N07),N07 R01 R05 R08 R13 R42,
U-NA-KA-NA-SI,k-n-s,k-n-s,H3664,"to collect; hence, to enfold",U-NA- (R42),R01 R05 R06 R13 R42,
U-NA-KA-NA-SI,k-n-s,k-n-ʿ,H3665,"properly, to bend the knee; hence, to humiliate, vanquish",U-NA- (R42) + first part of a compound (N07),N07 R01 R05 R07 R13 R42,
U-NA-KA-NA-SI,k-n-s,k-s-h,H3680,"properly, to plump, i.e. fill up hollows; by implication, to cover (for clothing or secrecy)",U-NA- (R42) + first part of a compound (N07),N07 R01 R05 R07 R13 R22 R42,
U-NA-KA-NA-SI,k-n-s,k-s-ḥ,H3683,to cut off,U-NA- (R42) + first part of a compound (N07),N07 R01 R05 R07 R13 R21 R22 R42,
U-NA-KA-NA-SI,k-n-s,k-r-h,H3738,"properly, to dig; figuratively, to plot; generally, to bore or open",U-NA- (R42) + first part of a compound (N07),N07 R01 R05 R07 R13 R24 R42,
U-NA-KA-NA-SI,k-n-s,k-r-ʿ,H3766,"to bend the knee; by implication, to sink, to prostrate",U-NA- (R42) + first part of a compound (N07),N07 R01 R05 R07 R13 R24 R42,
U-NA-KA-NA-SI,k-n-s,n-ʾ-h,H4998,"properly, to be at home, i.e. (by implication) to be pleasant (or suitable), i.e. beautiful",first part of a compound (N07),N07 R01 R02 R07,
U-NA-KA-NA-SI,k-n-s,n-ʾ-ṣ,H5006,to scorn;,second part of a compound (N07),N07 R01 R06 R07,
U-NA-KA-NA-SI,k-n-s,n-ʾ-q,H5008,to groan,first part of a compound (N07),N07 R01 R02 R05 R07 R13,
U-NA-KA-NA-SI,k-n-s,n-g-h,H5050,"to glitter; causatively, to illuminate",first part of a compound (N07),N07 R01 R02 R05 R07 R13,
U-NA-KA-NA-SI,k-n-s,n-g-ḥ,H5055,"to butt with the horns; figuratively, to war against",first part of a compound (N07),N07 R01 R02 R05 R07 R13 R21,
U-NA-KA-NA-SI,k-n-s,n-g-n,H5059,"properly, to thrum, i.e. beat atune with the fingers; expectation. to play on astringed instrument; hence (generally), to make music",first part of a compound (N07),N07 R01 R02 R05 R13,
U-NA-KA-NA-SI,k-n-s,n-g-ʿ,H5060,"properly, to touch, i.e. lay the hand upon (for any purpose; euphemistically, to lie with a woman); by implication, to reach (figuratively, to arrive, acquire); violently, to strike (punish, defeat, destroy, etc.)",first part of a compound (N07),N07 R01 R02 R05 R07 R13,
U-NA-KA-NA-SI,k-n-s,n-h-g,H5090,"to drive forth (a person, an animal or chariot), i.e. lead, carry away; reflexively, to proceed (i.e. impel or guide oneself); also (from the panting induced by effort), to sigh",first part of a compound (N07),N07 R01 R02 R05 R07 R13,
U-NA-KA-NA-SI,k-n-s,n-h-h,H5091,"to groan, i.e. bewail; hence (through the idea of crying aloud), to assemble (as if on proclamation)",first part of a compound (N07),N07 R01 R02 R07,
U-NA-KA-NA-SI,k-n-s,n-h-q,H5101,"to bray (as an ass), scream (from hunger)",first part of a compound (N07),N07 R01 R02 R05 R07 R13,
U-NA-KA-NA-SI,k-n-s,n-w-ʾ,H5106,"to refuse, forbid, dissuade, or neutralize",first part of a compound (N07),N04 N07 R01 R02 R07,
U-NA-KA-NA-SI,k-n-s,n-w-h,H5115,"to rest (as at home); causatively (through the implied idea of beauty ), to celebrate (with praises)",first part of a compound (N07),N04 N07 R01 R02 R07,
U-NA-KA-NA-SI,k-n-s,n-w-ḥ,H5117,"to rest, i.e. settle down; used in a great variety of applications, literal and figurative, intransitive, transitive and causative (to dwell, stay, let fall, place, let alone, withdraw, give comfort, etc.)",first part of a compound (N07),N04 N07 R01 R02 R07 R21,
U-NA-KA-NA-SI,k-n-s,n-w-s,H5127,"to flit, i.e. vanish away (subside, escape; causatively, chase, impel, deliver)",second part of a compound (N07),N04 N07 R01 R06,
U-NA-KA-NA-SI,k-n-s,n-w-ʿ,H5128,"to waver, in a great variety of applications, literally and figuratively (as subjoined)",first part of a compound (N07),N04 N07 R01 R02 R07,
U-NA-KA-NA-SI,k-n-s,n-w-ṣ,H5132,"properly, to flash; hence, to blossom (from the brilliancy of color); also, to fly away (from the quickness of motion)",second part of a compound (N07),N04 N07 R01 R06,
U-NA-KA-NA-SI,k-n-s,n-w-q,H5134,to suckle,first part of a compound (N07),N04 N07 R01 R02 R05 R13,
U-NA-KA-NA-SI,k-n-s,n-w-š,H5136,"to be sick, i.e. (figuratively) distressed",second part of a compound (N07),N04 N07 R01 R06,
U-NA-KA-NA-SI,k-n-s,n-ḥ-h,H5148,"to guide; by implication, to transport (into exile, or as colonists)",first part of a compound (N07),N07 R01 R02 R07 R21,
U-NA-KA-NA-SI,k-n-s,n-ḥ-ṣ,H5169,to be urgent,second part of a compound (N07),N07 R01 R06 R07 R21,
U-NA-KA-NA-SI,k-n-s,n-ḥ-š,H5172,"properly, to hiss, i.e. whisper a (magic) spell; generally, to prognosticate",second part of a compound (N07),N07 R01 R06 R07 R21,
U-NA-KA-NA-SI,k-n-s,n-k-ʾ,H5217,"to smite, i.e. drive away",first part of a compound (N07),N07 R01 R02 R05 R07 R13,
U-NA-KA-NA-SI,k-n-s,n-k-h,H5221,"to strike (lightly or severely, literally or figuratively)",first part of a compound (N07),N07 R01 R02 R05 R07 R13,
U-NA-KA-NA-SI,k-n-s,n-s-g,H5253,to retreat,first part of a compound (N07),N07 R01 R02 R05 R13 R22,
U-NA-KA-NA-SI,k-n-s,n-s-h,H5254,"to test; by implication, to attempt",second part of a compound (N07),N07 R01 R06 R07,
U-NA-KA-NA-SI,k-n-s,n-s-ḥ,H5255,to tear away,second part of a compound (N07),N07 R01 R06 R07 R21,
U-NA-KA-NA-SI,k-n-s,n-s-k,H5258,"to pour out, especially a libation, or to cast (metal); by analogy, to anoint aking",first part of a compound (N07),N07 R01 R02 R05 R13 R22,
U-NA-KA-NA-SI,k-n-s,n-s-s,H5263,"to wane, i.e. be sick",first part of a compound (N07),N07 R01 R02 R22,
U-NA-KA-NA-SI,k-n-s,n-s-ʿ,H5265,"properly, to pull up, especially the tent-pins, i.e. start on ajourney",second part of a compound (N07),N07 R01 R06 R07,
U-NA-KA-NA-SI,k-n-s,n-s-q,H5266,to go up,first part of a compound (N07),N07 R01 R02 R05 R13 R22,
U-NA-KA-NA-SI,k-n-s,n-ṣ-ʾ,H5323,to go away,second part of a compound (N07),N07 R01 R06 R07,
U-NA-KA-NA-SI,k-n-s,n-ṣ-h,H5327,"properly, to go forth, i.e. (by implication) to be expelled, and (consequently) desolate; causatively, to lay waste; also (specifically), to quarrel",second part of a compound (N07),N07 R01 R06 R07,
U-NA-KA-NA-SI,k-n-s,n-ṣ-ḥ,H5329,"properly, to glitter from afar, i.e. to be eminent (as a superintendent, especially of the Temple services and its music); to be permanent",second part of a compound (N07),N07 R01 R06 R07 R21,
U-NA-KA-NA-SI,k-n-s,n-ṣ-ṣ,H5340,"to glare, i.e. be bright-colored",second part of a compound (N07),N07 R01 R06 R08,
U-NA-KA-NA-SI,k-n-s,n-q-h,H5352,"to be (or make) clean (literally or figuratively); by implication (in an adverse sense) to be bare, i.e. extirpated",first part of a compound (N07),N07 R01 R02 R05 R07 R13,
U-NA-KA-NA-SI,k-n-s,n-q-ʿ,H5361,to feel aversion,first part of a compound (N07),N07 R01 R02 R05 R07 R13,
U-NA-KA-NA-SI,k-n-s,n-ś-ʾ,H5375,"to lift, in a great variety of applications, literal and figurative, absolute and relative",second part of a compound (N07),N07 R01 R06 R07,
U-NA-KA-NA-SI,k-n-s,n-š-ʾ,H5377,"to lead astray, i.e. (mentally) to delude, or (morally) to seduce",second part of a compound (N07),N07 R01 R06 R07,
U-NA-KA-NA-SI,k-n-s,n-š-h,H5382,"to forget; figuratively, to neglect; causatively, to remit, remove",second part of a compound (N07),N07 R01 R06 R07,
U-NA-KA-NA-SI,k-n-s,s-ʾ-n,H5431,"to shoe, i.e. (active participle) a soldier shod",first part of a compound (N07),N07 R01 R07 R22,
U-NA-KA-NA-SI,k-n-s,s-w-g,H5472,"properly, to flinch, i.e. (by implication) to go back, literally (to retreat) or figuratively (to apostatize)",U-NA- (R42) + first part of a compound (N07),N04 N07 R01 R05 R13 R22 R42,
U-NA-KA-NA-SI,k-n-s,s-w-k,H5480,"properly, to smear over (with oil), i.e. anoint",U-NA- (R42) + first part of a compound (N07),N04 N07 R01 R05 R13 R22 R42,
U-NA-KA-NA-SI,k-n-s,s-ḥ-h,H5500,to sweep away,second part of a compound (N07),N07 R01 R06 R07 R21,
U-NA-KA-NA-SI,k-n-s,s-k-k,H5526,"properly, to entwine as ascreen; by implication, to fence in, cover over, (figuratively) protect",U-NA- (R42) + first part of a compound (N07),N07 R01 R05 R08 R13 R22 R42,
U-NA-KA-NA-SI,k-n-s,s-k-n,H5532,"to be familiar with; by implication, to minister to, be serviceable to, be customary",U-NA- (R42) + first part of a compound (N07),N07 R01 R05 R13 R22 R42,
U-NA-KA-NA-SI,k-n-s,s-ʿ-h,H5584,to rush,second part of a compound (N07),N07 R01 R06 R07,
U-NA-KA-NA-SI,k-n-s,s-r-ḥ,H5628,to extend (even to excess),second part of a compound (N07),N07 R01 R06 R07 R21 R24,
U-NA-KA-NA-SI,k-n-s,ʿ-g-n,H5702,"to debar, i.e. from marriage",U-NA- (R42) + first part of a compound (N07),N07 R01 R05 R07 R13 R42,
U-NA-KA-NA-SI,k-n-s,ʿ-w-g,H5746,to bake (round cakes on the hearth),U-NA- (R42) + first part of a compound (N07),N04 N07 R01 R05 R07 R13 R42,
U-NA-KA-NA-SI,k-n-s,ʿ-w-ṣ,H5779,to consult,second part of a compound (N07),N04 N07 R01 R06 R07,
U-NA-KA-NA-SI,k-n-s,ʿ-w-q,H5781,to pack,U-NA- (R42) + first part of a compound (N07),N04 N07 R01 R05 R07 R13 R42,
U-NA-KA-NA-SI,k-n-s,ʿ-w-š,H5789,to hasten,second part of a compound (N07),N04 N07 R01 R06 R07,
U-NA-KA-NA-SI,k-n-s,ʿ-n-g,H6026,"to be soft or pliable, i.e. (figuratively) effeminate or luxurious",first part of a compound (N07),N07 R01 R05 R07 R13,
U-NA-KA-NA-SI,k-n-s,ʿ-n-h,H6030,"properly, to eye or (generally) to heed, i.e. pay attention; by implication, to respond; by extension to begin to speak; specifically to sing, shout, testify, announce",first part of a compound (N07),N07 R01 R07,
U-NA-KA-NA-SI,k-n-s,ʿ-n-n,H6049,"figuratively, to act covertly, i.e. practise magic",first part of a compound (N07),N07 R01 R07 R08,
U-NA-KA-NA-SI,k-n-s,ʿ-n-q,H6059,"to collar, i.e. adorn with anecklace; figuratively, to fit out with supplies",first part of a compound (N07),N07 R01 R05 R07 R13,
U-NA-KA-NA-SI,k-n-s,ʿ-n-š,H6064,"properly, to urge; by implication, to inflict apenalty, specifically, to fine",second part of a compound (N07),N07 R01 R06 R07,
U-NA-KA-NA-SI,k-n-s,ʿ-s-s,H6072,"to squeeze out juice; figuratively, to trample",second part of a compound (N07),N07 R01 R06 R07 R08,
U-NA-KA-NA-SI,k-n-s,ʿ-ṣ-h,H6095,"properly, to fasten (or make firm), i.e. to close (the eyes)",second part of a compound (N07),N07 R01 R06 R07,
U-NA-KA-NA-SI,k-n-s,ʿ-r-g,H6165,to long for,U-NA- (R42) + first part of a compound (N07),N07 R01 R05 R07 R13 R24 R42,
U-NA-KA-NA-SI,k-n-s,ʿ-r-k,H6186,"to set in a row, i.e. arrange, put in order (in a very wide variety of applications)",U-NA- (R42) + first part of a compound (N07),N07 R01 R05 R07 R13 R24 R42,
U-NA-KA-NA-SI,k-n-s,ʿ-r-ṣ,H6206,"to awe or (intransitive) to dread; hence, to harass",second part of a compound (N07),N07 R01 R06 R07 R24,
U-NA-KA-NA-SI,k-n-s,ʿ-r-q,H6207,"to gnaw, i.e. (figuratively) eat (by hyberbole); also (participle) a pain",U-NA- (R42) + first part of a compound (N07),N07 R01 R05 R07 R13 R24 R42,
U-NA-KA-NA-SI,k-n-s,ʿ-ś-h,H6213,"to do or make, in the broadest sense and widest application",second part of a compound (N07),N07 R01 R06 R07,
U-NA-KA-NA-SI,k-n-s,ʿ-š-š,H6244,"probably to shrink, i.e. fail",second part of a compound (N07),N07 R01 R06 R07 R08,
U-NA-KA-NA-SI,k-n-s,ṣ-w-h,H6680,"(intensively) to constitute, enjoin",second part of a compound (N07),N04 N07 R01 R06 R07,
U-NA-KA-NA-SI,k-n-s,ṣ-w-ḥ,H6681,to screech (exultingly),second part of a compound (N07),N04 N07 R01 R06 R07 R21,
U-NA-KA-NA-SI,k-n-s,ṣ-ḥ-ḥ,H6705,"to glare, i.e. be dazzling white",second part of a compound (N07),N07 R01 R06 R07 R21,
U-NA-KA-NA-SI,k-n-s,ṣ-ʿ-h,H6808,"to tip over (for the purpose of spilling or pouring out), i.e. (figuratively) depopulate; by implication, to imprison or conquer; (reflexive) to lie down (for coitus)",second part of a compound (N07),N07 R01 R06 R07,
U-NA-KA-NA-SI,k-n-s,ṣ-r-ḥ,H6873,"to be clear (in tone, i.e. shrill), i.e. to whoop",second part of a compound (N07),N07 R01 R06 R07 R21 R24,
U-NA-KA-NA-SI,k-n-s,ṣ-r-ʿ,H6879,"to scourge, i.e. (intransitive and figurative) to be stricken with leprosy",second part of a compound (N07),N07 R01 R06 R07 R24,
U-NA-KA-NA-SI,k-n-s,q-h-h,H6949,to be dull,U-NA- (R42) + first part of a compound (N07),N07 R01 R05 R07 R13 R42,
U-NA-KA-NA-SI,k-n-s,q-w-ʾ,H6958,to vomit,U-NA- (R42) + first part of a compound (N07),N04 N07 R01 R05 R07 R13 R42,
U-NA-KA-NA-SI,k-n-s,q-w-h,H6960,"to bind together (perhaps by twisting), i.e. collect; (figuratively) to expect",U-NA- (R42) + first part of a compound (N07),N04 N07 R01 R05 R07 R13 R42,
U-NA-KA-NA-SI,k-n-s,q-w-n,H6969,"to strike a musical note, i.e. chant or wail (at a funeral)",U-NA- (R42) + first part of a compound (N07),N04 N07 R01 R05 R13 R42,
U-NA-KA-NA-SI,k-n-s,q-n-ʾ,H7065,"to be (causatively, make) zealous, i.e. (in a bad sense) jealous or envious",U-NA- (R42) + first part of a compound (N07),N07 R01 R05 R07 R13 R42,
U-NA-KA-NA-SI,k-n-s,q-n-h,H7069,"to erect, i.e. create; by extension, to procure, especially by purchase (causatively, sell); by implication to own",U-NA- (R42) + first part of a compound (N07),N07 R01 R05 R07 R13 R42,
U-NA-KA-NA-SI,k-n-s,q-n-n,H7077,"to nestle, i.e. build or occupy as anest",U-NA- (R42) + first part of a compound (N07),N07 R01 R05 R08 R13 R42,
U-NA-KA-NA-SI,k-n-s,q-r-ʾ,H7121,"to call out to (i.e. properly, address by name, but used in a wide variety of applications)",U-NA- (R42) + first part of a compound (N07),N07 R01 R05 R07 R13 R24 R42,
U-NA-KA-NA-SI,k-n-s,q-r-h,H7136,"to light upon (chiefly by accident); causatively, to bring about; specifically, to impose timbers (for roof or floor)",U-NA- (R42) + first part of a compound (N07),N07 R01 R05 R07 R13 R24 R42,
U-NA-KA-NA-SI,k-n-s,q-r-ḥ,H7139,to depilate,U-NA- (R42) + first part of a compound (N07),N07 R01 R05 R07 R13 R21 R24 R42,
U-NA-KA-NA-SI,k-n-s,q-r-n,H7160,"to shoot out horns; figuratively, rays",U-NA- (R42) + first part of a compound (N07),N07 R01 R05 R13 R24 R42,
U-NA-KA-NA-SI,k-n-s,q-r-ʿ,H7167,"to rend, literally or figuratively (revile, paint the eyes, as if enlarging them)",U-NA- (R42) + first part of a compound (N07),N07 R01 R05 R07 R13 R24 R42,
U-NA-KA-NA-SI,k-n-s,r-g-n,H7279,"to grumble, i.e. rebel",U-NA- (R42) + first part of a compound (N07),N07 R01 R05 R13 R24 R42,
U-NA-KA-NA-SI,k-n-s,r-g-ʿ,H7280,"properly, to toss violently and suddenly (the sea with waves, the skin with boils); figuratively (in a favorable manner) to settle, i.e. quiet; specifically, to wink (from the motion of the eye-lids)",U-NA- (R42) + first part of a compound (N07),N07 R01 R05 R07 R13 R24 R42,
U-NA-KA-NA-SI,k-n-s,r-w-ḥ,H7304,"properly, to breathe freely, i.e. revive; by implication, to have ample room",U-NA- (R42) + first part of a compound (N07),N04 N07 R01 R05 R13 R24 R42,ḫ=ḥ
U-NA-KA-NA-SI,k-n-s,r-w-ṣ,H7323,"to run (for whatever reason, especially to rush)",second part of a compound (N07),N04 N07 R01 R06 R24,
U-NA-KA-NA-SI,k-n-s,r-w-q,H7324,"to pour out (literally or figuratively), i.e. empty",U-NA- (R42) + first part of a compound (N07),N04 N07 R01 R05 R13 R24 R42,
U-NA-KA-NA-SI,k-n-s,r-w-š,H7326,to be destitute,second part of a compound (N07),N04 N07 R01 R06 R24,
U-NA-KA-NA-SI,k-n-s,r-ḥ-ṣ,H7364,to lave (the whole or a part of a thing),second part of a compound (N07),N07 R01 R06 R07 R21 R24,
U-NA-KA-NA-SI,k-n-s,r-ḥ-q,H7368,"to widen (in any direction), i.e. (intransitively) recede or (transitively) remove (literally or figuratively, of place or relation)",U-NA- (R42) + first part of a compound (N07),N07 R01 R05 R07 R13 R21 R24 R42,
U-NA-KA-NA-SI,k-n-s,r-ḥ-š,H7370,to gush,second part of a compound (N07),N07 R01 R06 R07 R21 R24,
U-NA-KA-NA-SI,k-n-s,r-k-k,H7401,"to soften (intransitively or transitively), used figuratively",U-NA- (R42) + first part of a compound (N07),N07 R01 R05 R08 R13 R24 R42,
U-NA-KA-NA-SI,k-n-s,r-n-h,H7439,to whiz,first part of a compound (N07),N07 R01 R02 R07 R24,
U-NA-KA-NA-SI,k-n-s,r-n-n,H7442,"properly, to creak (or emit a stridulous sound), i.e. to shout (usually for joy)",first part of a compound (N07),N07 R01 R02 R08 R24,
U-NA-KA-NA-SI,k-n-s,r-s-s,H7450,to moisten (with drops),second part of a compound (N07),N07 R01 R06 R08 R24,
U-NA-KA-NA-SI,k-n-s,r-ʿ-ṣ,H7492,"to break in pieces; figuratively, harass",second part of a compound (N07),N07 R01 R06 R07 R24,
U-NA-KA-NA-SI,k-n-s,r-ʿ-š,H7493,"to undulate (as the earth, the sky, etc.; also a field of grain), particularly through fear; specifically, to spring (as a locust)",second part of a compound (N07),N07 R01 R06 R07 R24,
U-NA-KA-NA-SI,k-n-s,r-ṣ-ʾ,H7519,to run; also to delight in,second part of a compound (N07),N07 R01 R06 R07 R24,
U-NA-KA-NA-SI,k-n-s,r-ṣ-h,H7521,"to be pleased with; specifically, to satisfy adebt",second part of a compound (N07),N07 R01 R06 R07 R24,
U-NA-KA-NA-SI,k-n-s,r-ṣ-ḥ,H7523,"properly, to dash in pieces, i.e. kill (a human being), especially to murder",second part of a compound (N07),N07 R01 R06 R07 R21 R24,
U-NA-KA-NA-SI,k-n-s,r-ṣ-ʿ,H7527,to pierce,second part of a compound (N07),N07 R01 R06 R07 R24,
U-NA-KA-NA-SI,k-n-s,r-ṣ-ṣ,H7533,"to crack in pieces, literally or figuratively",second part of a compound (N07),N07 R01 R06 R08 R24,
U-NA-KA-NA-SI,k-n-s,r-q-ḥ,H7543,to perfume,U-NA- (R42) + first part of a compound (N07),N07 R01 R05 R07 R13 R21 R24 R42,
U-NA-KA-NA-SI,k-n-s,r-q-ʿ,H7554,"to pound the earth (as a sign of passion); by analogy to expand (by hammering); by implication, to overlay (with thin sheets of metal)",U-NA- (R42) + first part of a compound (N07),N07 R01 R05 R07 R13 R24 R42,
U-NA-KA-NA-SI,k-n-s,r-q-q,H7556,to spit,U-NA- (R42) + first part of a compound (N07),N07 R01 R05 R08 R13 R24 R42,
U-NA-KA-NA-SI,k-n-s,r-š-ʿ,H7561,"to be (causatively, do or declare) wrong; by implication, to disturb, violate",second part of a compound (N07),N07 R01 R06 R07 R24,
U-NA-KA-NA-SI,k-n-s,r-š-š,H7567,to demolish,second part of a compound (N07),N07 R01 R06 R08 R24,
U-NA-KA-NA-SI,k-n-s,š-ʾ-h,H7582,"to rush; by implication, to desolate",second part of a compound (N07),N07 R01 R06 R07,
U-NA-KA-NA-SI,k-n-s,š-w-h,H7737,"properly, to level, i.e. equalize; figuratively, to resemble; by implication, to adjust (i.e. counterbalance, be suitable, compose, place, yield, etc.)",second part of a compound (N07),N04 N07 R01 R06 R07,
U-NA-KA-NA-SI,k-n-s,ś-w-ḥ,H7742,to muse pensively,second part of a compound (N07),N04 N07 R01 R06 R07 R21,
U-NA-KA-NA-SI,k-n-s,š-w-ḥ,H7743,"to sink, literally or figuratively",second part of a compound (N07),N04 N07 R01 R06 R07 R21,
U-NA-KA-NA-SI,k-n-s,š-w-ʿ,H7768,"properly, to be free; but used only causatively and reflexively, to halloo (for help, i.e. freedom from some trouble)",second part of a compound (N07),N04 N07 R01 R06 R07,
U-NA-KA-NA-SI,k-n-s,ś-ḥ-h,H7811,"to swim; causatively, to inundate",second part of a compound (N07),N07 R01 R06 R07 R21,
U-NA-KA-NA-SI,k-n-s,š-ḥ-h,H7812,"to depress, i.e. prostrate (especially reflexive, in homage to royalty or God)",second part of a compound (N07),N07 R01 R06 R07 R21,
U-NA-KA-NA-SI,k-n-s,š-ḥ-ḥ,H7817,to sink or depress (reflexive or causative),second part of a compound (N07),N07 R01 R06 R07 R21,
U-NA-KA-NA-SI,k-n-s,š-s-h,H8154,to plunder,second part of a compound (N07),N07 R01 R06 R07 R22,
U-NA-KA-NA-SI,k-n-s,š-s-ʿ,H8156,"to split or tear; figuratively, to upbraid",second part of a compound (N07),N07 R01 R06 R07 R22,
U-NA-KA-NA-SI,k-n-s,š-ʿ-h,H8159,"to gaze at or about (properly, for help); by implication, to inspect, consider, compassionate, be nonplussed (as looking around in amazement) or bewildered",second part of a compound (N07),N07 R01 R06 R07,
U-NA-KA-NA-SI,k-n-s,š-ʿ-ʿ,H8173,"(in a good acceptation) to look upon (with complacency), i.e. fondle, please or amuse (self); (in a bad one) to look about (in dismay), i.e. stare",second part of a compound (N07),N07 R01 R06 R07,
U-NA-KA-NA-SI,k-n-s,ś-r-h,H8280,to prevail,second part of a compound (N07),N07 R01 R06 R07 R24,
U-NA-KA-NA-SI,k-n-s,š-r-h,H8281,to free,second part of a compound (N07),N07 R01 R06 R07 R24,
U-NA-KA-NA-SI,k-n-s,ś-r-ʿ,H8311,"to prolong, i.e. (reflex) be deformed by excess of members",second part of a compound (N07),N07 R01 R06 R07 R24,
U-NA-KA-NA-SI,k-n-s,š-š-ʾ,H8338,to annihilate,second part of a compound (N07),N07 R01 R06 R07 R08,
I-PI-NA-MA,p-n-y,ʾ-b-h,H14,"to breathe after, i.e. (figuratively) to be acquiescent",-MA (R47) + -NA (R53),R01 R05 R07 R15 R47 R53,
I-PI-NA-MA,p-n-y,ʾ-h-b,H157,to have affection for (sexually or otherwise),-MA (R47) + -NA (R53),R01 R05 R07 R15 R47 R53,
I-PI-NA-MA,p-n-y,ʾ-w-h,H183,to wish for,-MA (R47) + first part of a compound (N07),N04 N07 R01 R07 R47,
I-PI-NA-MA,p-n-y,ʾ-n-h,H578,to groan,-MA (R47) + second part of a compound (N07),N07 R01 R07 R47,
I-PI-NA-MA,p-n-y,ʾ-n-ḥ,H584,to sigh,-MA (R47) + second part of a compound (N07),N07 R01 R07 R21 R47,
I-PI-NA-MA,p-n-y,ʾ-n-n,H596,"to mourn, i.e. complain",-MA (R47) + second part of a compound (N07),N07 R01 R07 R08 R47,
I-PI-NA-MA,p-n-y,ʾ-s-p,H622,"to gather for any purpose; hence, to receive, take away, i.e. remove (destroy, leave behind, put up, restore, etc.)",-MA (R47) + -NA (R53),R01 R05 R07 R15 R22 R47 R53,
I-PI-NA-MA,p-n-y,ʾ-p-h,H644,"to cook, especially to bake",-MA (R47) + -NA (R53),R01 R05 R07 R15 R47 R53,
I-PI-NA-MA,p-n-y,ʾ-p-p,H661,to surround,-MA (R47) + -NA (R53),R01 R05 R07 R08 R15 R47 R53,
I-PI-NA-MA,p-n-y,ʾ-r-b,H693,to lurk,-MA (R47) + -NA (R53),R01 R05 R07 R15 R24 R47 R53,
I-PI-NA-MA,p-n-y,ʾ-r-h,H717,to pluck,-MA (R47) + first part of a compound (N07),N07 R01 R07 R24 R47,
I-PI-NA-MA,p-n-y,ʾ-r-ḥ,H732,to travel,-MA (R47) + first part of a compound (N07),N07 R01 R07 R24 R47,
I-PI-NA-MA,p-n-y,b-w-ʾ,H935,to go or come (in a wide variety of applications),-MA (R47) + -NA (R53),N04 R01 R02 R05 R07 R15 R47 R53,
I-PI-NA-MA,p-n-y,b-ḥ-n,H974,"to test (especially metals); generally and figuratively, to investigate",-MA (R47),R01 R02 R05 R07 R15 R21 R47,
I-PI-NA-MA,p-n-y,b-n-h,H1129,to build (literally and figuratively),-MA (R47),R01 R02 R05 R07 R15 R47,
I-PI-NA-MA,p-n-y,b-ʿ-h,H1158,"to gush over, i.e. to swell; (figuratively) to desire earnestly; by implication to ask",-MA (R47) + -NA (R53),R01 R02 R05 R07 R15 R47 R53,
I-PI-NA-MA,p-n-y,b-r-ʾ,H1254,"(absolutely) to create; (qualified) to cut down (a wood), select, feed (as formative processes)",-MA (R47) + -NA (R53),R01 R02 R05 R07 R15 R24 R47 R53,
I-PI-NA-MA,p-n-y,b-r-h,H1262,to select; to feed; to render clear,-MA (R47) + -NA (R53),R01 R02 R05 R07 R15 R24 R47 R53,
I-PI-NA-MA,p-n-y,b-r-ḥ,H1272,"to bolt, i.e. figuratively, to flee suddenly",-MA (R47) + -NA (R53),R01 R02 R05 R07 R15 R21 R24 R47 R53,
I-PI-NA-MA,p-n-y,h-w-ʾ,H1933,to be (in the sense of existence),-MA (R47) + first part of a compound (N07),N04 N07 R01 R07 R47,
I-PI-NA-MA,p-n-y,h-w-m,H1949,"to make an uproar, or agitate greatly",second part of a compound (N07),N04 N07 R01 R07,
I-PI-NA-MA,p-n-y,h-w-n,H1951,"properly, to be naught, i.e. (figuratively) to be (causatively, act) light",-MA (R47) + second part of a compound (N07),N04 N07 R01 R07 R47,
I-PI-NA-MA,p-n-y,h-m-h,H1993,"to make a loud sound (like English 'hum'); by implication, to be in great commotion or tumult, to rage, war, moan, clamor",second part of a compound (N07),N07 R01 R07,
I-PI-NA-MA,p-n-y,h-m-m,H2000,"properly, to put in commotion; by implication, to disturb, drive, destroy",second part of a compound (N07),N07 R01 R07 R08,
I-PI-NA-MA,p-n-y,h-s-h,H2013,to hush,-MA (R47) + first part of a compound (N07),N07 R01 R07 R22 R47,
I-PI-NA-MA,p-n-y,h-r-h,H2029,"to be (or become) pregnant, conceive (literally or figuratively)",-MA (R47) + first part of a compound (N07),N07 R01 R07 R24 R47,
I-PI-NA-MA,p-n-y,h-r-s,H2040,"to pull down or in pieces, break, destroy",-MA (R47) + first part of a compound (N07),N07 R01 R07 R22 R24 R47,
I-PI-NA-MA,p-n-y,ḥ-b-ʾ,H2244,to secrete,-MA (R47) + -NA (R53),R01 R05 R07 R15 R47 R53,
I-PI-NA-MA,p-n-y,ḥ-b-b,H2245,"properly, to hide (as in the bosom), i.e. to cherish (with affection)",-MA (R47) + -NA (R53),R01 R05 R07 R08 R15 R47 R53,
I-PI-NA-MA,p-n-y,ḥ-b-h,H2247,to secrete,-MA (R47) + -NA (R53),R01 R05 R07 R15 R47 R53,
I-PI-NA-MA,p-n-y,ḥ-w-b,H2325,"properly, perhaps to tie, i.e. (figuratively and reflexively) to owe, or (by implication) to forfeit",-MA (R47) + -NA (R53),N04 R01 R05 R07 R15 R47 R53,
I-PI-NA-MA,p-n-y,ḥ-w-h,H2331,"properly, to live; by implication (intensively) to declare or show",-MA (R47) + first part of a compound (N07),N04 N07 R01 R07 R47,
I-PI-NA-MA,p-n-y,ḥ-w-s,H2347,"properly, to cover, i.e. (figuratively) to compassionate",-MA (R47) + first part of a compound (N07),N04 N07 R01 R07 R22 R47,
I-PI-NA-MA,p-n-y,ḥ-m-m,H2552,to be hot (literally or figuratively),second part of a compound (N07),N07 R01 R07 R08 R21,
I-PI-NA-MA,p-n-y,ḥ-n-h,H2583,"properly, to incline; by implication, to decline (of the slanting rays of evening); specifically, to pitch atent; gen. to encamp (for abode or siege)",-MA (R47) + second part of a compound (N07),N07 R01 R07 R21 R47,
I-PI-NA-MA,p-n-y,ḥ-n-n,H2603,"properly, to bend or stoop in kindness to an inferior; to favor, bestow; causatively to implore (i.e. move to favor by petition)",-MA (R47) + second part of a compound (N07),N07 R01 R07 R08 R21 R47,
I-PI-NA-MA,p-n-y,ḥ-s-h,H2620,"to flee for protection; figuratively, to confide in",-MA (R47) + first part of a compound (N07),N07 R01 R07 R22 R47,
I-PI-NA-MA,p-n-y,ḥ-s-m,H2629,"to muzzle; by analogy, to stop the nose",second part of a compound (N07),N07 R01 R07 R21 R22,
I-PI-NA-MA,p-n-y,ḥ-s-n,H2630,"properly, to (be) compact; by implication, to hoard",-MA (R47) + second part of a compound (N07),N07 R01 R07 R21 R22 R47,
I-PI-NA-MA,p-n-y,ḥ-p-h,H2645,"to cover; by implication, to veil, to encase, protect",-MA (R47) + -NA (R53),R01 R05 R07 R15 R47 R53,
I-PI-NA-MA,p-n-y,ḥ-p-p,H2653,to cover (in protection),-MA (R47) + -NA (R53),R01 R05 R07 R08 R15 R47 R53,
I-PI-NA-MA,p-n-y,ḥ-r-b,H2717,"to parch (through drought) i.e. (by analogy,) to desolate, destroy, kill",-MA (R47) + -NA (R53),R01 R05 R07 R15 R24 R47 R53,
I-PI-NA-MA,p-n-y,ḥ-r-h,H2734,"to glow or grow warm; figuratively (usually) to blaze up, of anger, zeal, jealousy",-MA (R47) + first part of a compound (N07),N07 R01 R07 R24 R47,
I-PI-NA-MA,p-n-y,ḥ-r-m,H2763,"to seclude; specifically (by a ban) to devote to religious uses (especially destruction); physical and reflexive, to be blunt as to the nose",second part of a compound (N07),N07 R01 R07 R21 R24,
I-PI-NA-MA,p-n-y,ḥ-r-p,H2778,"to pull off, i.e. (by implication) to expose (as by stripping); specifically, to betroth (as if a surrender); figuratively, to carp at, i.e. defame; to spend the winter",-MA (R47) + -NA (R53),R01 R05 R07 R15 R24 R47 R53,
I-PI-NA-MA,p-n-y,y-ʾ-b,H2968,to desire,-MA (R47) + -NA (R53),R01 R05 R07 R15 R47 R53 R62,
I-PI-NA-MA,p-n-y,y-ʾ-h,H2969,to be suitable,-MA (R47) + first part of a compound (N07),N07 R01 R07 R47 R62,
I-PI-NA-MA,p-n-y,y-b-b,H2980,to bawl,-MA (R47) + -NA (R53),R01 R02 R05 R08 R15 R47 R53 R62,
I-PI-NA-MA,p-n-y,y-h-b,H3051,"to give (whether literal or figurative); generally, to put; imperatively (reflexive) come",-MA (R47) + -NA (R53),R01 R05 R07 R15 R47 R53 R62,
I-PI-NA-MA,p-n-y,y-ḥ-m,H3179,"probably to be hot; figuratively, to conceive",second part of a compound (N07),N07 R01 R07 R21 R62,
I-PI-NA-MA,p-n-y,y-n-h,H3238,"to rage or be violent; by implication, to suppress, to maltreat",-MA (R47) + second part of a compound (N07),N07 R01 R07 R47 R62,
I-PI-NA-MA,p-n-y,y-n-ḥ,H3240,"to deposit; by implication, to allow to stay",-MA (R47) + second part of a compound (N07),N07 R01 R07 R21 R47 R62,
I-PI-NA-MA,p-n-y,y-s-p,H3254,"to add or augment (often adverbial, to continue to do a thing)",-MA (R47) + -NA (R53),R01 R02 R05 R15 R22 R47 R53 R62,
I-PI-NA-MA,p-n-y,y-ʿ-h,H3261,to brush aside,-MA (R47) + first part of a compound (N07),N07 R01 R07 R47 R62,
I-PI-NA-MA,p-n-y,y-ʿ-p,H3286,to tire (as if from wearisome flight),-MA (R47) + -NA (R53),R01 R05 R07 R15 R47 R53 R62,
I-PI-NA-MA,p-n-y,y-p-h,H3302,"properly, to be bright, i.e. (by implication) beautiful",-MA (R47) + -NA (R53),R01 R02 R05 R07 R15 R47 R53 R62,
I-PI-NA-MA,p-n-y,y-p-ḥ,H3306,"properly, to breathe hard, i.e. (by implication) to sigh",-MA (R47) + -NA (R53),R01 R02 R05 R07 R15 R21 R47 R53 R62,
I-PI-NA-MA,p-n-y,y-p-ʿ,H3313,to shine,-MA (R47) + -NA (R53),R01 R02 R05 R07 R15 R47 R53 R62,
I-PI-NA-MA,p-n-y,y-r-ʾ,H3372,"to fear; morally, to revere; caus. to frighten",-MA (R47) + first part of a compound (N07),N07 R01 R07 R24 R47 R62,
I-PI-NA-MA,p-n-y,y-r-h,H3384,"properly, to flow as water (i.e. to rain); transitively, to lay or throw (especially an arrow, i.e. to shoot); figuratively, to point out (as if by aiming the finger), to teach",-MA (R47) + first part of a compound (N07),N07 R01 R07 R24 R47 R62,
I-PI-NA-MA,p-n-y,y-r-ʿ,H3415,"properly, to be broken up (with any violent action) i.e. (figuratively) to fear",-MA (R47) + first part of a compound (N07),N07 R01 R07 R24 R47 R62,
I-PI-NA-MA,p-n-y,m-ḥ-ʾ,H4222,to rub or strike the hands together (in exultation),second part of a compound (N07),N07 R01 R07 R21,
I-PI-NA-MA,p-n-y,m-ḥ-h,H4229,"properly, to stroke or rub; by implication, to erase; also to smooth (as if with oil), i.e. grease or make fat; also to touch, i.e. reach to",second part of a compound (N07),N07 R01 R07 R21,
I-PI-NA-MA,p-n-y,m-s-h,H4529,to dissolve,second part of a compound (N07),N07 R01 R07 R22,
I-PI-NA-MA,p-n-y,m-r-ʾ,H4754,"to rebel; hence (through the idea of maltreating) to whip, i.e. lash (self with wings, as the ostrich in running)",second part of a compound (N07),N07 R01 R07 R24,
I-PI-NA-MA,p-n-y,m-r-h,H4784,"to be (causatively, make) bitter (or unpleasant); (figuratively) to rebel (or resist; causatively, to provoke)",second part of a compound (N07),N07 R01 R07 R24,
I-PI-NA-MA,p-n-y,m-r-ḥ,H4799,"properly, to soften by rubbing or pressure; hence (medicinally) to apply as an emollient",second part of a compound (N07),N07 R01 R07 R21 R24,
I-PI-NA-MA,p-n-y,n-ʾ-h,H4998,"properly, to be at home, i.e. (by implication) to be pleasant (or suitable), i.e. beautiful",-MA (R47) + second part of a compound (N07),N07 R01 R07 R47,
I-PI-NA-MA,p-n-y,n-ʾ-m,H5001,"properly, to whisper, i.e. (by implication) to utter as aoracle",second part of a compound (N07),N07 R01 R07,
I-PI-NA-MA,p-n-y,n-h-h,H5091,"to groan, i.e. bewail; hence (through the idea of crying aloud), to assemble (as if on proclamation)",-MA (R47) + second part of a compound (N07),N07 R01 R07 R47,
I-PI-NA-MA,p-n-y,n-h-m,H5098,to growl,second part of a compound (N07),N07 R01 R07,
I-PI-NA-MA,p-n-y,n-w-ʾ,H5106,"to refuse, forbid, dissuade, or neutralize",-MA (R47) + second part of a compound (N07),N04 N07 R01 R07 R47,
I-PI-NA-MA,p-n-y,n-w-h,H5115,"to rest (as at home); causatively (through the implied idea of beauty ), to celebrate (with praises)",-MA (R47) + second part of a compound (N07),N04 N07 R01 R07 R47,
I-PI-NA-MA,p-n-y,n-w-ḥ,H5117,"to rest, i.e. settle down; used in a great variety of applications, literal and figurative, intransitive, transitive and causative (to dwell, stay, let fall, place, let alone, withdraw, give comfort, etc.)",-MA (R47) + second part of a compound (N07),N04 N07 R01 R07 R21 R47,
I-PI-NA-MA,p-n-y,n-w-m,H5123,to slumber (from drowsiness),second part of a compound (N07),N04 N07 R01,
I-PI-NA-MA,p-n-y,n-w-ʿ,H5128,"to waver, in a great variety of applications, literally and figuratively (as subjoined)",-MA (R47) + second part of a compound (N07),N04 N07 R01 R07 R47,
I-PI-NA-MA,p-n-y,n-ḥ-h,H5148,"to guide; by implication, to transport (into exile, or as colonists)",-MA (R47) + second part of a compound (N07),N07 R01 R07 R21 R47,
I-PI-NA-MA,p-n-y,n-ḥ-m,H5162,"properly, to sigh, i.e. breathe strongly; by implication, to be sorry, i.e. (in a favorable sense) to pity, console or (reflexively) rue; or (unfavorably) to avenge (oneself)",second part of a compound (N07),N07 R01 R07 R21,
I-PI-NA-MA,p-n-y,n-s-h,H5254,"to test; by implication, to attempt",-MA (R47) + second part of a compound (N07),N07 R01 R07 R22 R47,
I-PI-NA-MA,p-n-y,n-s-ḥ,H5255,to tear away,-MA (R47) + second part of a compound (N07),N07 R01 R07 R21 R22 R47,
I-PI-NA-MA,p-n-y,n-s-ʿ,H5265,"properly, to pull up, especially the tent-pins, i.e. start on ajourney",-MA (R47) + second part of a compound (N07),N07 R01 R07 R22 R47,
I-PI-NA-MA,p-n-y,n-ʿ-m,H5276,to be agreeable (literally or figuratively),second part of a compound (N07),N07 R01 R07,
I-PI-NA-MA,p-n-y,s-ʾ-n,H5431,"to shoe, i.e. (active participle) a soldier shod",-MA (R47) + second part of a compound (N07),N07 R01 R07 R22 R47,
I-PI-NA-MA,p-n-y,s-b-ʾ,H5433,"to quaff to satiety, i.e. become tipsy",-MA (R47) + -NA (R53),R01 R02 R05 R07 R15 R22 R47 R53,
I-PI-NA-MA,p-n-y,s-b-b,H5437,"to revolve, surround, or border; used in various applications, literally and figuratively",-MA (R47) + -NA (R53),R01 R02 R05 R08 R15 R22 R47 R53,
I-PI-NA-MA,p-n-y,s-w-p,H5486,"to snatch away, i.e. terminate",-MA (R47) + -NA (R53),N04 R01 R02 R05 R15 R22 R47 R53,
I-PI-NA-MA,p-n-y,s-ḥ-b,H5498,to trail along,-MA (R47) + -NA (R53),R01 R05 R07 R15 R22 R47 R53,
I-PI-NA-MA,p-n-y,s-ḥ-h,H5500,to sweep away,-MA (R47) + first part of a compound (N07),N07 R01 R07 R22 R47,
I-PI-NA-MA,p-n-y,s-ḥ-p,H5502,to scrape off,-MA (R47) + -NA (R53),R01 R05 R07 R15 R22 R47 R53,
I-PI-NA-MA,p-n-y,s-ʿ-h,H5584,to rush,-MA (R47) + first part of a compound (N07),N07 R01 R07 R22 R47,
I-PI-NA-MA,p-n-y,s-ʿ-p,H5586,to disbranch (a tree),-MA (R47) + -NA (R53),R01 R05 R07 R15 R22 R47 R53,
I-PI-NA-MA,p-n-y,s-p-h,H5595,"properly, to scrape (literally, to shave; but usually figuratively) together (i.e. to accumulate or increase) or away (i.e. to scatter, remove, or ruin; intransitively, to perish)",-MA (R47) + -NA (R53),R01 R02 R05 R07 R15 R22 R47 R53,
I-PI-NA-MA,p-n-y,s-p-ḥ,H5596,"properly, to scrape out, but in certain peculiar senses (of removal or association)",-MA (R47) + -NA (R53),R01 R02 R05 R07 R15 R21 R22 R47 R53,
I-PI-NA-MA,p-n-y,s-p-n,H5603,"to hide by covering; specifically, to roof (passive participle as noun, a roof) or wainscot; figuratively, to reserve",-MA (R47),R01 R02 R05 R15 R22 R47,
I-PI-NA-MA,p-n-y,s-p-p,H5605,to wait at the threshold,-MA (R47) + -NA (R53),R01 R02 R05 R08 R15 R22 R47 R53,
I-PI-NA-MA,p-n-y,s-r-ḥ,H5628,to extend (even to excess),-MA (R47) + first part of a compound (N07),N07 R01 R07 R22 R24 R47,
I-PI-NA-MA,p-n-y,s-r-p,H5635,"to cremate, i.e. to be (near) of kin (such being privileged to kindle the pyre)",-MA (R47) + -NA (R53),R01 R02 R05 R15 R22 R24 R47 R53,
I-PI-NA-MA,p-n-y,ʿ-b-h,H5666,to be dense,-MA (R47) + -NA (R53),R01 R05 R07 R15 R47 R53,
I-PI-NA-MA,p-n-y,ʿ-w-b,H5743,"to be dense or dark, i.e. to becloud",-MA (R47) + -NA (R53),N04 R01 R05 R07 R15 R47 R53,
I-PI-NA-MA,p-n-y,ʿ-w-h,H5753,"to crook, literally or figuratively",-MA (R47) + first part of a compound (N07),N04 N07 R01 R07 R47,
I-PI-NA-MA,p-n-y,ʿ-w-p,H5774,to fly; also (by implication of dimness) to faint (from the darkness of swooning),-MA (R47) + -NA (R53),N04 R01 R05 R07 R15 R47 R53,
I-PI-NA-MA,p-n-y,ʿ-m-m,H6004,"to associate; by implication, to overshadow (by huddling together)",second part of a compound (N07),N07 R01 R07 R08,
I-PI-NA-MA,p-n-y,ʿ-n-h,H6030,"properly, to eye or (generally) to heed, i.e. pay attention; by implication, to respond; by extension to begin to speak; specifically to sing, shout, testify, announce",-MA (R47) + second part of a compound (N07),N07 R01 R07 R47,
I-PI-NA-MA,p-n-y,ʿ-n-n,H6049,"figuratively, to act covertly, i.e. practise magic",-MA (R47) + second part of a compound (N07),N07 R01 R07 R08 R47,
I-PI-NA-MA,p-n-y,ʿ-s-s,H6072,"to squeeze out juice; figuratively, to trample",-MA (R47) + first part of a compound (N07),N07 R01 R07 R22 R47,
I-PI-NA-MA,p-n-y,ʿ-r-b,H6148,"to braid, i.e. intermix; technically, to traffic (as if by barter); also or give to be security (as a kind of exchange)",-MA (R47) + -NA (R53),R01 R05 R07 R15 R24 R47 R53,
I-PI-NA-MA,p-n-y,ʿ-r-h,H6168,"to be (causatively, make) bare; hence, to empty, pour out, demolish",-MA (R47) + first part of a compound (N07),N07 R01 R07 R24 R47,
I-PI-NA-MA,p-n-y,ʿ-r-m,H6191,"properly, to be (or make) bare; but used only in the derivative sense (through the idea perhaps of smoothness) to be cunning (usually in a bad sense)",second part of a compound (N07),N07 R01 R07 R24,
I-PI-NA-MA,p-n-y,ʿ-r-p,H6201,"to droop; hence, to drip",-MA (R47) + -NA (R53),R01 R05 R07 R15 R24 R47 R53,
I-PI-NA-MA,p-n-y,p-ʾ-h,H6284,"to puff, i.e. blow away",-MA (R47) + -NA (R53),R01 R02 R05 R07 R15 R47 R53,
I-PI-NA-MA,p-n-y,p-w-ḥ,H6315,"to puff, i.e. blow with the breath or air; hence, to fan (as a breeze), to utter, to kindle (a fire), to scoff",-MA (R47) + -NA (R53),N04 R01 R02 R05 R07 R15 R21 R47 R53,
I-PI-NA-MA,p-n-y,p-w-n,H6323,be perplexed,-MA (R47),N04 R01 R02 R05 R15 R47,
I-PI-NA-MA,p-n-y,p-ḥ-ḥ,H6351,to spread a net,-MA (R47) + -NA (R53),R01 R02 R05 R07 R15 R21 R47 R53,
I-PI-NA-MA,p-n-y,p-n-h,H6437,"to turn; by implication, to face, i.e. appear, look, etc.",-MA (R47),R01 R02 R05 R07 R15 R47,
I-PI-NA-MA,p-n-y,p-s-ḥ,H6452,"to hop, i.e. (figuratively) skip over (or spare); by implication, to hesitate; also (literally) to limp, to dance",-MA (R47) + -NA (R53),R01 R02 R05 R07 R15 R21 R22 R47 R53,
I-PI-NA-MA,p-n-y,p-ʿ-h,H6463,to scream,-MA (R47) + -NA (R53),R01 R02 R05 R07 R15 R47 R53,
I-PI-NA-MA,p-n-y,p-r-ʾ,H6500,to bear fruit,-MA (R47) + -NA (R53),R01 R02 R05 R07 R15 R24 R47 R53,
I-PI-NA-MA,p-n-y,p-r-h,H6509,to bear fruit (literally or figuratively),-MA (R47) + -NA (R53),R01 R02 R05 R07 R15 R24 R47 R53,
I-PI-NA-MA,p-n-y,p-r-ḥ,H6524,"to break forth as a bud, i.e. bloom; generally, to spread; specifically, to fly (as extending the wings); figuratively, to flourish",-MA (R47) + -NA (R53),R01 R02 R05 R07 R15 R21 R24 R47 R53,
I-PI-NA-MA,p-n-y,p-r-ʿ,H6544,"to loosen; by implication, to expose, dismiss; figuratively, absolve, begin",-MA (R47) + -NA (R53),R01 R02 R05 R07 R15 R24 R47 R53,
I-PI-NA-MA,p-n-y,r-ʾ-h,H7200,"to see, literally or figuratively (in numerous applications, direct and implied, transitive, intransitive and causative)",-MA (R47) + first part of a compound (N07),N07 R01 R07 R24 R47,
I-PI-NA-MA,p-n-y,r-ʾ-m,H7213,to rise,second part of a compound (N07),N07 R01 R07 R24,
I-PI-NA-MA,p-n-y,r-b-b,H7231,"properly, to cast together , i.e. increase, especially in number; to multiply by the myriad",-MA (R47) + -NA (R53),R01 R02 R05 R08 R15 R24 R47 R53,
I-PI-NA-MA,p-n-y,r-b-h,H7235,to increase (in whatever respect),-MA (R47) + -NA (R53),R01 R02 R05 R07 R15 R24 R47 R53,
I-PI-NA-MA,p-n-y,r-b-ʿ,H7250,"to squat or lie out flat, i.e. (specifically) in copulation",-MA (R47) + -NA (R53),R01 R02 R05 R07 R15 R24 R47 R53,
I-PI-NA-MA,p-n-y,r-h-b,H7292,"to urge severely, i.e. (figuratively) importune, embolden, capture, act insolently",-MA (R47) + -NA (R53),R01 R05 R07 R15 R24 R47 R53,
I-PI-NA-MA,p-n-y,r-h-h,H7297,to fear,-MA (R47) + first part of a compound (N07),N07 R01 R07 R24 R47,
I-PI-NA-MA,p-n-y,r-w-h,H7301,to slake the thirst (occasionally of other appetites),-MA (R47) + first part of a compound (N07),N04 N07 R01 R07 R24 R47,
I-PI-NA-MA,p-n-y,r-w-ḥ,H7304,"properly, to breathe freely, i.e. revive; by implication, to have ample room",-MA (R47) + first part of a compound (N07),N04 N07 R01 R07 R24 R47,
I-PI-NA-MA,p-n-y,r-w-m,H7311,"to be high actively, to rise or raise (in various applications, literally or figuratively)",second part of a compound (N07),N04 N07 R01 R24,
I-PI-NA-MA,p-n-y,r-w-ʿ,H7321,"to mar (especially by breaking); figuratively, to split the ears (with sound), i.e. shout (for alarm or joy)",-MA (R47) + first part of a compound (N07),N04 N07 R01 R07 R24 R47,
I-PI-NA-MA,p-n-y,r-w-p,H7322,"properly, to triturate (in a mortar), i.e. (figuratively) to agitate (by concussion)",-MA (R47) + -NA (R53),N04 R01 R02 R05 R15 R24 R47 R53,
I-PI-NA-MA,p-n-y,r-ḥ-b,H7337,"to broaden (intransitive or transitive, literal or figurative)",-MA (R47) + -NA (R53),R01 R05 R07 R15 R24 R47 R53,
I-PI-NA-MA,p-n-y,r-ḥ-m,H7355,"to fondle; by implication, to love, especially to compassionate",second part of a compound (N07),N07 R01 R07 R21 R24,
I-PI-NA-MA,p-n-y,r-ḥ-p,H7363,"to brood; by implication, to be relaxed",-MA (R47) + -NA (R53),R01 R05 R07 R15 R24 R47 R53,
I-PI-NA-MA,p-n-y,r-m-h,H7411,"to hurl; specifically, to shoot; figuratively, to delude or betray (as if causing to fall)",second part of a compound (N07),N07 R01 R07 R24,
I-PI-NA-MA,p-n-y,r-m-m,H7426,to rise (literally or figuratively),second part of a compound (N07),N07 R01 R08 R24,
I-PI-NA-MA,p-n-y,r-n-h,H7439,to whiz,-MA (R47) + second part of a compound (N07),N07 R01 R07 R24 R47,
I-PI-NA-MA,p-n-y,r-n-n,H7442,"properly, to creak (or emit a stridulous sound), i.e. to shout (usually for joy)",-MA (R47) + second part of a compound (N07),N07 R01 R08 R24 R47,
I-PI-NA-MA,p-n-y,r-s-s,H7450,to moisten (with drops),-MA (R47) + first part of a compound (N07),N07 R01 R02 R22 R24 R47,
I-PI-NA-MA,p-n-y,r-ʿ-b,H7456,to hunger,-MA (R47) + -NA (R53),R01 R05 R07 R15 R24 R47 R53,
I-PI-NA-MA,p-n-y,r-ʿ-h,H7462,"to tend a flock; i.e. pasture it; intransitively, to graze (literally or figuratively); generally to rule; by extension, to associate with (as a friend)",-MA (R47) + first part of a compound (N07),N07 R01 R07 R24 R47,
I-PI-NA-MA,p-n-y,r-ʿ-m,H7481,"to tumble, i.e. be violently agitated; specifically, to crash (of thunder); figuratively, to irritate (with anger)",second part of a compound (N07),N07 R01 R07 R24,
I-PI-NA-MA,p-n-y,r-ʿ-ʿ,H7489,"properly, to spoil (literally, by breaking to pieces); figuratively, to make (or be) good fornothing, i.e. bad (physically, socially or morally)",-MA (R47) + first part of a compound (N07),N07 R01 R07 R24 R47,
I-PI-NA-MA,p-n-y,r-ʿ-p,H7491,to drip,-MA (R47) + -NA (R53),R01 R05 R07 R15 R24 R47 R53,
I-PI-NA-MA,p-n-y,r-p-ʾ,H7495,"properly, to mend (by stitching), i.e. (figuratively) to cure",-MA (R47) + -NA (R53),R01 R02 R05 R07 R15 R24 R47 R53,
I-PI-NA-MA,p-n-y,r-p-h,H7503,"to slacken (in many applications, literal or figurative)",-MA (R47) + -NA (R53),R01 R02 R05 R07 R15 R24 R47 R53,
SI-RU-TE,š-r-t,ʾ-h-l,H166,to be clear,-TE (R52) + second part of a compound (N07),N07 R01 R07 R09 R52,
SI-RU-TE,š-r-t,ʾ-w-ṣ,H213,"to press; (by implication) to be close, hurry, withdraw",first part of a compound (N07),N04 N07 R01 R06 R07,
SI-RU-TE,š-r-t,ʾ-w-r,H215,"to be (causative, make) luminous (literally and metaphorically)",-TE (R52) + second part of a compound (N07),N04 N07 R01 R07 R09 R52,
SI-RU-TE,š-r-t,ʾ-w-t,H225,"properly, to come, i.e. (implied) to assent",second part of a compound (N07),N04 N07 R01 R05 R07 R11,
SI-RU-TE,š-r-t,ʾ-ḥ-d,H258,"to unify, i.e. (figuratively) collect (one's thoughts)",second part of a compound (N07),N07 R01 R05 R07 R11 R21,
SI-RU-TE,š-r-t,ʾ-ḥ-r,H309,to loiter (i.e. be behind); by implication to procrastinate,-TE (R52) + second part of a compound (N07),N07 R01 R07 R09 R21 R52,
SI-RU-TE,š-r-t,ʾ-l-h,H421,to bewail,-TE (R52) + second part of a compound (N07),N07 R01 R07 R09 R52,
SI-RU-TE,š-r-t,ʾ-l-ḥ,H444,"to muddle, i.e. (figuratively and intransitive) to turn (morally) corrupt",-TE (R52) + second part of a compound (N07),N07 R01 R07 R09 R21 R52,
SI-RU-TE,š-r-t,ʾ-l-ṣ,H509,to press,second part of a compound (N07),N07 R01 R05 R07 R09 R11,
SI-RU-TE,š-r-t,ʾ-s-r,H631,"to yoke or hitch; by analogy, to fasten in any sense, to join battle",-TE (R52),R01 R06 R07 R09 R52,
SI-RU-TE,š-r-t,ʾ-ṣ-l,H680,"to separate; hence, to select, refuse, contract",-TE (R52),R01 R06 R07 R09 R52,
SI-RU-TE,š-r-t,ʾ-ṣ-r,H686,to store up,-TE (R52),R01 R06 R07 R09 R52,
SI-RU-TE,š-r-t,ʾ-r-h,H717,to pluck,-TE (R52) + second part of a compound (N07),N07 R01 R07 R09 R52,
SI-RU-TE,š-r-t,ʾ-r-ḥ,H732,to travel,-TE (R52) + second part of a compound (N07),N07 R01 R07 R09 R21 R52,
SI-RU-TE,š-r-t,ʾ-r-r,H779,to execrate,-TE (R52) + second part of a compound (N07),N07 R01 R07 R08 R09 R52,
SI-RU-TE,š-r-t,ʾ-r-ś,H781,to engage for matrimony,first part of a compound (N07),N07 R01 R06 R07 R24,
SI-RU-TE,š-r-t,ʾ-š-r,H833,"to be straight (used in the widest sense, especially to be level, right, happy); figuratively, to go forward, be honest, proper",-TE (R52),R01 R06 R07 R09 R52,
SI-RU-TE,š-r-t,ʾ-t-h,H857,to arrive,second part of a compound (N07),N07 R01 R05 R07 R11,
SI-RU-TE,š-r-t,d-ʾ-h,H1675,"to dart, i.e. fly rapidly",second part of a compound (N07),N07 R01 R05 R07 R11,
SI-RU-TE,š-r-t,d-w-h,H1738,to be sick (as if in menstruation),second part of a compound (N07),N04 N07 R01 R05 R07 R11,
SI-RU-TE,š-r-t,d-w-ḥ,H1740,"to thrust away; figuratively, to cleanse",second part of a compound (N07),N04 N07 R01 R05 R07 R11 R21,
SI-RU-TE,š-r-t,d-ḥ-h,H1760,to push down,second part of a compound (N07),N07 R01 R05 R07 R11 R21,
SI-RU-TE,š-r-t,h-d-h,H1911,to stretch forth the hand,second part of a compound (N07),N07 R01 R05 R07 R11,
SI-RU-TE,š-r-t,h-l-l,H1984,"to be clear (orig. of sound, but usually of color); to shine; hence, to make ashow, to boast; and thus to be (clamorously) foolish; to rave; causatively, to celebrate; also to stultify",-TE (R52) + second part of a compound (N07),N07 R01 R07 R08 R09 R52,
SI-RU-TE,š-r-t,h-s-h,H2013,to hush,first part of a compound (N07),N07 R01 R06 R07,
SI-RU-TE,š-r-t,h-r-h,H2029,"to be (or become) pregnant, conceive (literally or figuratively)",-TE (R52) + second part of a compound (N07),N07 R01 R07 R09 R52,
SI-RU-TE,š-r-t,h-r-s,H2040,"to pull down or in pieces, break, destroy",first part of a compound (N07),N07 R01 R06 R07 R24,
SI-RU-TE,š-r-t,h-t-t,H2050,"properly, to break in upon, i.e. to assail",second part of a compound (N07),N07 R01 R05 R07 R08 R11,
SI-RU-TE,š-r-t,ḥ-d-d,H2300,"to be (causatively, make) sharp or (figuratively) severe",second part of a compound (N07),N07 R01 R05 R07 R08 R11 R21,
SI-RU-TE,š-r-t,ḥ-d-h,H2302,to rejoice,second part of a compound (N07),N07 R01 R05 R07 R11 R21,
SI-RU-TE,š-r-t,ḥ-w-d,H2330,"properly, to tie a knot, i.e. (figuratively) to propound a riddle",second part of a compound (N07),N04 N07 R01 R05 R07 R11 R21,
SI-RU-TE,š-r-t,ḥ-w-l,H2342,"properly, to twist or whirl (in a circular or spiral manner), i.e. (specifically) to dance, to writhe in pain (especially of parturition) or fear; figuratively, to wait, to pervert",-TE (R52) + second part of a compound (N07),N04 N07 R01 R07 R09 R21 R52,
SI-RU-TE,š-r-t,ḥ-w-s,H2347,"properly, to cover, i.e. (figuratively) to compassionate",first part of a compound (N07),N04 N07 R01 R06 R07 R21,
SI-RU-TE,š-r-t,ḥ-w-r,H2357,to blanch (as with shame),-TE (R52) + second part of a compound (N07),N04 N07 R01 R07 R09 R21 R52,
SI-RU-TE,š-r-t,ḥ-w-š,H2363,"to hurry; figuratively, to be eager with excitement or enjoyment",first part of a compound (N07),N04 N07 R01 R06 R07 R21,
SI-RU-TE,š-r-t,ḥ-ṭ-ʾ,H2398,"properly, to miss; hence (figuratively and generally) to sin; by inference, to forfeit, lack, expiate, repent, (causatively) lead astray, condemn",second part of a compound (N07),N07 R01 R05 R07 R11 R21,
SI-RU-TE,š-r-t,ḥ-l-ʾ,H2456,to be sick,-TE (R52) + second part of a compound (N07),N07 R01 R07 R09 R21 R52,
SI-RU-TE,š-r-t,ḥ-l-h,H2470,"properly, to be rubbed or worn; hence (figuratively) to be weak, sick, afflicted; or (causatively) to grieve, make sick; also to stroke (in flattering), entreat",-TE (R52) + second part of a compound (N07),N07 R01 R07 R09 R21 R52,
SI-RU-TE,š-r-t,ḥ-l-ṭ,H2480,to snatch at,second part of a compound (N07),N07 R01 R05 R07 R09 R11 R21,
SI-RU-TE,š-r-t,ḥ-l-l,H2490,"properly, to bore, i.e. (by implication) to wound, to dissolve; figuratively, to profane (a person, place or thing), to break (one's word), to begin (as if by an 'opening wedge'); to play (the flute)",-TE (R52) + second part of a compound (N07),N07 R01 R07 R08 R09 R21 R52,
SI-RU-TE,š-r-t,ḥ-l-ṣ,H2502,"to pull off; hence (intensively) to strip, (reflex.) to depart; by implication, to deliver, equip (for fight); present, strengthen",second part of a compound (N07),N07 R01 R05 R07 R09 R11 R21,
SI-RU-TE,š-r-t,ḥ-l-š,H2522,"to prostrate; by implication, to overthrow, decay",second part of a compound (N07),N07 R01 R05 R07 R09 R11 R21,ṯ=š
SI-RU-TE,š-r-t,ḥ-s-d,H2616,"properly, perhaps to bow (the neck only  in courtesy to an equal), i.e. to be kind; also (by euphemistically, but rarely) to reprove",second part of a compound (N07),N07 R01 R05 R07 R11 R21 R22,
SI-RU-TE,š-r-t,ḥ-s-h,H2620,"to flee for protection; figuratively, to confide in",first part of a compound (N07),N07 R01 R06 R07 R21,
SI-RU-TE,š-r-t,ḥ-s-l,H2628,to eat off,-TE (R52),R01 R06 R07 R09 R21 R52,
SI-RU-TE,š-r-t,ḥ-s-r,H2637,"to lack; by implication, to fail, want, lessen",-TE (R52),R01 R06 R07 R09 R21 R52,
SI-RU-TE,š-r-t,ḥ-ṣ-h,H2673,to cut or split in two; to halve,first part of a compound (N07),N07 R01 R06 R07 R21,
SI-RU-TE,š-r-t,ḥ-ṣ-ṣ,H2686,"properly, to chop into, pierce or sever; hence, to curtail, to distribute (into ranks);  to shoot an arrow",first part of a compound (N07),N07 R01 R06 R07 R08 R21,
SI-RU-TE,š-r-t,ḥ-ṣ-r,H2690,"to trumpet, i.e. blow on that instrument",-TE (R52),R01 R06 R07 R09 R21 R52,
SI-RU-TE,š-r-t,ḥ-r-d,H2729,"to shudder with terror; hence, to fear; also to hasten (with anxiety)",second part of a compound (N07),N07 R01 R05 R07 R09 R11 R21,
SI-RU-TE,š-r-t,ḥ-r-h,H2734,"to glow or grow warm; figuratively (usually) to blaze up, of anger, zeal, jealousy",-TE (R52) + second part of a compound (N07),N07 R01 R07 R09 R21 R52,
SI-RU-TE,š-r-t,ḥ-r-ṭ,H2747,a chisel or graver; also a style forwriting,second part of a compound (N07),N07 R01 R05 R07 R09 R11 R21,
SI-RU-TE,š-r-t,ḥ-r-ṣ,H2782,"properly, to point sharply, i.e. (literally) to wound; figuratively, to be alert, to decide",first part of a compound (N07),N07 R01 R06 R07 R21 R24,
SI-RU-TE,š-r-t,ḥ-r-r,H2787,"to glow, i.e. literally (to melt, burn, dry up) or figuratively (to show or incite passion)",-TE (R52) + second part of a compound (N07),N07 R01 R07 R08 R09 R21 R52,
SI-RU-TE,š-r-t,ḥ-r-š,H2790,"to scratch, i.e. (by implication) to engrave, plough; hence (from the use of tools) to fabricate (of any material); figuratively, to devise (in a bad sense); hence (from the idea of secrecy) to be silent, to let alone; hence (by implication) to be deaf (as an accompaniment of dumbness)",first part of a compound (N07),N07 R01 R06 R07 R21 R24,
SI-RU-TE,š-r-t,ḥ-r-t,H2801,to engrave,second part of a compound (N07),N07 R01 R05 R07 R09 R11 R21,
SI-RU-TE,š-r-t,ḥ-š-h,H2814,to hush or keep quiet,first part of a compound (N07),N07 R01 R06 R07 R21,
SI-RU-TE,š-r-t,ḥ-š-l,H2826,"to make (intrans. be) unsteady, i.e. weak",-TE (R52),R01 R06 R07 R09 R21 R52,
SI-RU-TE,š-r-t,ḥ-t-h,H2846,to lay hold of; especially to pick up fire,second part of a compound (N07),N07 R01 R05 R07 R11 R21,
SI-RU-TE,š-r-t,ḥ-t-t,H2865,"properly, to prostrate; hence, to break down, either (literally) by violence, or (figuratively) by confusion and fear",second part of a compound (N07),N07 R01 R05 R07 R08 R11 R21,
SI-RU-TE,š-r-t,ṭ-w-ʾ,H2894,to sweep away,second part of a compound (N07),N04 N07 R01 R05 R07 R11,
SI-RU-TE,š-r-t,ṭ-w-h,H2901,to spin,second part of a compound (N07),N04 N07 R01 R05 R07 R11,
SI-RU-TE,š-r-t,ṭ-w-ḥ,H2902,"to smear, especially with lime",second part of a compound (N07),N04 N07 R01 R05 R07 R11 R21,
SI-RU-TE,š-r-t,ṭ-ḥ-h,H2909,"to stretch a bow, as an archer",second part of a compound (N07),N07 R01 R05 R07 R11 R21,
SI-RU-TE,š-r-t,ṭ-ʿ-h,H2937,to wander; causatively to lead astray,second part of a compound (N07),N07 R01 R05 R07 R11,
SI-RU-TE,š-r-t,ṭ-r-ḥ,H2959,to overburden,second part of a compound (N07),N07 R01 R05 R07 R11 R21 R24,
SI-RU-TE,š-r-t,y-ʾ-l,H2973,"properly, to be slack, i.e. (figuratively) to be foolish",-TE (R52) + second part of a compound (N07),N07 R01 R07 R09 R52 R62,
SI-RU-TE,š-r-t,y-ʾ-š,H2976,"to desist, i.e. (figuratively) to despond",first part of a compound (N07),N07 R01 R06 R07 R62,
SI-RU-TE,š-r-t,y-d-d,H3032,"properly, to handle, i.e. to throw, e.g. lots",second part of a compound (N07),N07 R01 R05 R08 R11 R62,
SI-RU-TE,š-r-t,y-d-h,H3034,"physically, to throw (a stone, an arrow) at or away; especially to revere or worship (with extended hands); intensively, to bemoan (by wringing the hands)",second part of a compound (N07),N07 R01 R05 R07 R11 R62,
SI-RU-TE,š-r-t,y-d-ʿ,H3045,"to know (properly, to ascertain by seeing); used in a great variety of senses, figuratively, literally, euphemistically and inferentially (including observation, care, recognition; and causatively, instruction, designation, punishment, etc.)",second part of a compound (N07),N07 R01 R05 R07 R11 R62,
SI-RU-TE,š-r-t,y-ḥ-d,H3161,to be (or become) one,second part of a compound (N07),N07 R01 R05 R07 R11 R21 R62,
SI-RU-TE,š-r-t,y-ḥ-l,H3176,"to wait; by implication, to be patient, hope",-TE (R52) + second part of a compound (N07),N07 R01 R07 R09 R21 R52 R62,
SI-RU-TE,š-r-t,y-ḥ-r,H3186,to delay,-TE (R52) + second part of a compound (N07),N07 R01 R07 R09 R21 R52 R62,
SI-RU-TE,š-r-t,y-ḥ-ś,H3187,to enroll by pedigree,first part of a compound (N07),N07 R01 R06 R07 R21 R62,
SI-RU-TE,š-r-t,y-l-d,H3205,"to bear young; causatively, to beget; medically, to act as midwife; specifically, to show lineage",second part of a compound (N07),N07 R01 R05 R09 R11 R62,
SI-RU-TE,š-r-t,y-l-l,H3213,to howl (with a wailing tone) or yell (with a boisterous one),-TE (R52) + second part of a compound (N07),N07 R01 R08 R09 R52 R62,
SI-RU-TE,š-r-t,y-l-ʿ,H3216,to blurt or utter inconsiderately,-TE (R52) + second part of a compound (N07),N07 R01 R07 R09 R52 R62,
SI-RU-TE,š-r-t,y-s-d,H3245,"to set (literally or figuratively); intensively, to found; reflexively, to sit down together, i.e. settle, consult",second part of a compound (N07),N07 R01 R05 R11 R22 R62,
SI-RU-TE,š-r-t,y-s-r,H3256,"to chastise, literally (with blows) or figuratively (with words); hence, to instruct",-TE (R52),R01 R06 R09 R52 R62,
SI-RU-TE,š-r-t,y-ʿ-d,H3259,"to fix upon (by agreement or appointment); by implication, to meet (at a stated time), to summon (to trial), to direct (in a certain quarter or position), to engage (for marriage)",second part of a compound (N07),N07 R01 R05 R07 R11 R62,
SI-RU-TE,š-r-t,y-ʿ-ṭ,H3271,to clothe,second part of a compound (N07),N07 R01 R05 R07 R11 R62,
SI-RU-TE,š-r-t,y-ʿ-l,H3276,"properly, to ascend; figuratively, to be valuable (objectively; useful, subjectively; benefited)",-TE (R52) + second part of a compound (N07),N07 R01 R07 R09 R52 R62,
SI-RU-TE,š-r-t,y-ʿ-ṣ,H3289,"to advise; reflexively, to deliberate or resolve",first part of a compound (N07),N07 R01 R06 R07 R62,
SI-RU-TE,š-r-t,y-ṣ-ʾ,H3318,"to go (causatively, bring) out, in a great variety of applications, literally and figuratively, direct and proxim.",first part of a compound (N07),N07 R01 R06 R07 R62,
SI-RU-TE,š-r-t,y-ṣ-ʿ,H3331,to strew as a surface,first part of a compound (N07),N07 R01 R06 R07 R62,
SI-RU-TE,š-r-t,y-ṣ-r,H3334,"to press (intransitive), i.e. be narrow; figuratively, be in distress",-TE (R52),R01 R06 R09 R52 R62,
SI-RU-TE,š-r-t,y-r-ʾ,H3372,"to fear; morally, to revere; caus. to frighten",-TE (R52) + second part of a compound (N07),N07 R01 R07 R09 R52 R62,
SI-RU-TE,š-r-t,y-r-d,H3381,"to descend (literally, to go downwards; or conventionally to a lower region, as the shore, a boundary, the enemy, etc.; or figuratively, to fall); causatively, to bring down (in all the above applications)",second part of a compound (N07),N07 R01 R05 R09 R11 R62,
SI-RU-TE,š-r-t,y-r-h,H3384,"properly, to flow as water (i.e. to rain); transitively, to lay or throw (especially an arrow, i.e. to shoot); figuratively, to point out (as if by aiming the finger), to teach",-TE (R52) + second part of a compound (N07),N07 R01 R07 R09 R52 R62,
SI-RU-TE,š-r-t,y-r-ṭ,H3399,to precipitate or hurl (rush) headlong; (intransitively) to be rash,second part of a compound (N07),N07 R01 R05 R09 R11 R62,
SI-RU-TE,š-r-t,y-r-ʿ,H3415,"properly, to be broken up (with any violent action) i.e. (figuratively) to fear",-TE (R52) + second part of a compound (N07),N07 R01 R07 R09 R52 R62,
SI-RU-TE,š-r-t,y-r-š,H3423,"to occupy (by driving out previous tenants, and possessing in their place); by implication, to seize, to rob, to inherit; also to expel, to impoverish, to ruin",first part of a compound (N07),N07 R01 R06 R24 R62,
SI-RU-TE,š-r-t,y-š-ʿ,H3467,"properly, to be open, wide or free, i.e. (by implication) to be safe; causatively, to free or succor",first part of a compound (N07),N07 R01 R06 R07 R62,
SI-RU-TE,š-r-t,y-š-r,H3474,"to be straight or even; figuratively, to be (causatively, to make) right, pleasant, prosperous",-TE (R52),R01 R06 R09 R52 R62,
SI-RU-TE,š-r-t,l-ʾ-h,H3811,to tire; (figuratively) to be (or make) disgusted,-TE (R52) + second part of a compound (N07),N07 R01 R07 R09 R52,
SI-RU-TE,š-r-t,l-ʾ-ṭ,H3813,to muffle,second part of a compound (N07),N07 R01 R05 R07 R09 R11,
SI-RU-TE,š-r-t,l-h-h,H3856,"to be rabid (figuratively, insane); also (from the exhaustion of frenzy) to languish",-TE (R52) + second part of a compound (N07),N07 R01 R07 R09 R52,
SI-RU-TE,š-r-t,l-h-ṭ,H3857,"properly, to lick, i.e. (by implication) to blaze",second part of a compound (N07),N07 R01 R05 R07 R09 R11,
SI-RU-TE,š-r-t,l-w-h,H3867,"properly, to twine, i.e. (by implication) to unite, to remain; also to borrow (as a form of obligation) or (caus.) to lend",-TE (R52) + second part of a compound (N07),N04 N07 R01 R07 R09 R52,
SI-RU-TE,š-r-t,l-w-ḥ,H3871,"probably meaning to glisten; a tablet (as polished), of stone, wood or metal",-TE (R52) + second part of a compound (N07),N04 N07 R01 R07 R09 R21 R52,
SI-RU-TE,š-r-t,l-w-ṭ,H3874,to wrap up,second part of a compound (N07),N04 N07 R01 R05 R09 R11,
SI-RU-TE,š-r-t,l-w-ʿ,H3886,"to gulp; figuratively, to be rash",-TE (R52) + second part of a compound (N07),N04 N07 R01 R07 R09 R52,
SI-RU-TE,š-r-t,l-w-ṣ,H3887,"properly, to make mouths at, i.e. to scoff; hence (from the effort to pronounce a foreign language) to interpret, or (generally) intercede",second part of a compound (N07),N04 N07 R01 R05 R09 R11,
SI-RU-TE,š-r-t,l-w-š,H3888,to knead,second part of a compound (N07),N04 N07 R01 R05 R09 R11,ṯ=š
SI-RU-TE,š-r-t,l-ḥ-ṣ,H3905,"properly, to press, i.e. (figuratively) to distress",second part of a compound (N07),N07 R01 R05 R07 R09 R11 R21,
SI-RU-TE,š-r-t,l-ḥ-š,H3907,"to whisper; by implication, to mumble aspell (as a magician)",second part of a compound (N07),N07 R01 R05 R07 R09 R11 R21,ṯ=š
SI-RU-TE,š-r-t,l-ʿ-ṭ,H3938,"to swallow greedily; causatively, to feed",second part of a compound (N07),N07 R01 R05 R07 R09 R11,
SI-RU-TE,š-r-t,l-ṣ-ṣ,H3945,to deride,second part of a compound (N07),N07 R01 R05 R08 R09 R11,
SI-RU-TE,š-r-t,s-w-r,H5493,to turn off (literal or figurative),-TE (R52),N04 R01 R06 R09 R52,
SI-RU-TE,š-r-t,s-ḥ-h,H5500,to sweep away,first part of a compound (N07),N07 R01 R06 R07 R21,
SI-RU-TE,š-r-t,s-ḥ-r,H5503,"to travel round (specifically as a pedlar); intensively, to palpitate",-TE (R52),R01 R06 R07 R09 R21 R52,
SI-RU-TE,š-r-t,s-l-ʾ,H5537,"to suspend in a balance, i.e. weigh",-TE (R52),R01 R06 R07 R09 R52,
SI-RU-TE,š-r-t,s-l-d,H5539,"probably to leap (with joy), i.e. exult",(nothing),R01 R05 R06 R09 R11,
SI-RU-TE,š-r-t,s-l-h,H5541,"to hang up, i.e. weigh, or (figuratively) contemn",-TE (R52),R01 R06 R07 R09 R52,
SI-RU-TE,š-r-t,s-l-ḥ,H5545,to forgive,-TE (R52),R01 R06 R07 R09 R21 R52,
SI-RU-TE,š-r-t,s-l-l,H5549,"to mound up (especially a turnpike); figurative, to exalt; reflexively, to oppose (as by a dam)",-TE (R52),R01 R06 R08 R09 R52,
SI-RU-TE,š-r-t,s-ʿ-d,H5582,to suport (mostly figurative),second part of a compound (N07),N07 R01 R05 R07 R11 R22,
SI-RU-TE,š-r-t,s-ʿ-h,H5584,to rush,first part of a compound (N07),N07 R01 R06 R07,
SI-RU-TE,š-r-t,s-ʿ-r,H5590,"to rush upon; by implication, to toss (transitive or intransitive, literal or figurative)",-TE (R52),R01 R06 R07 R09 R52,
SI-RU-TE,š-r-t,s-r-d,H5624,"Sered, an Israelite",(nothing),R01 R05 R06 R09 R11,
SI-RU-TE,š-r-t,s-r-ḥ,H5628,to extend (even to excess),-TE (R52),R01 R06 R07 R09 R21 R52,
SI-RU-TE,š-r-t,s-r-r,H5637,"to turn away, i.e. (morally) be refractory",-TE (R52),R01 R06 R08 R09 R52,
SI-RU-TE,š-r-t,ʿ-d-h,H5710,"to advance, i.e. pass on or continue; causatively, to remove; specifically, to bedeck (i.e. bring an ornament upon)",second part of a compound (N07),N07 R01 R05 R07 R11,
SI-RU-TE,š-r-t,ʿ-w-d,H5749,"to duplicate or repeat; by implication, to protest, testify (as by reiteration); intensively, to encompass, restore (as a sort of reduplication)",second part of a compound (N07),N04 N07 R01 R05 R07 R11,
SI-RU-TE,š-r-t,ʿ-w-l,H5763,"to suckle, i.e. give milk",-TE (R52) + second part of a compound (N07),N04 N07 R01 R07 R09 R52,
SI-RU-TE,š-r-t,ʿ-w-ṣ,H5779,to consult,first part of a compound (N07),N04 N07 R01 R06 R07,
SI-RU-TE,š-r-t,ʿ-w-r,H5782,to wake (literally or figuratively),-TE (R52) + second part of a compound (N07),N04 N07 R01 R07 R09 R52,
SI-RU-TE,š-r-t,ʿ-w-š,H5789,to hasten,first part of a compound (N07),N04 N07 R01 R06 R07,
SI-RU-TE,š-r-t,ʿ-w-t,H5791,to wrest,second part of a compound (N07),N04 N07 R01 R05 R07 R11,
SI-RU-TE,š-r-t,ʿ-ṭ-h,H5844,"to wrap, i.e. cover, veil, cloth, or roll",second part of a compound (N07),N07 R01 R05 R07 R11,
SI-RU-TE,š-r-t,ʿ-l-h,H5927,"to ascend, intransitively (be high) or actively (mount); used in a great variety of senses, primary and secondary, literal and figurative",-TE (R52) + second part of a compound (N07),N07 R01 R07 R09 R52,
SI-RU-TE,š-r-t,ʿ-l-l,H5953,"to effect thoroughly; specifically, to glean (also figuratively); by implication (in a bad sense) to overdo, i.e. maltreat, be saucy to, pain, impose (also literal)",-TE (R52) + second part of a compound (N07),N07 R01 R07 R08 R09 R52,
SI-RU-TE,š-r-t,ʿ-l-s,H5965,"to leap for joy, i.e. exult, wave joyously",-TE (R52) + second part of a compound (N07),N07 R01 R07 R09 R22 R52,
SI-RU-TE,š-r-t,ʿ-l-ʿ,H5966,to sip up,-TE (R52) + second part of a compound (N07),N07 R01 R07 R09 R52,
SI-RU-TE,š-r-t,ʿ-l-ṣ,H5970,"to jump for joy, i.e. exult",second part of a compound (N07),N07 R01 R05 R07 R09 R11,
SI-RU-TE,š-r-t,ʿ-s-s,H6072,"to squeeze out juice; figuratively, to trample",first part of a compound (N07),N07 R01 R06 R07 R08,
SI-RU-TE,š-r-t,ʿ-ṣ-h,H6095,"properly, to fasten (or make firm), i.e. to close (the eyes)",first part of a compound (N07),N07 R01 R06 R07,
SI-RU-TE,š-r-t,ʿ-ṣ-l,H6101,"to lean idly, i.e. to be indolent or slack",-TE (R52),R01 R06 R07 R09 R52,
SI-RU-TE,š-r-t,ʿ-ṣ-r,H6113,"to inclose; by analogy, to hold back; also to maintain, rule, assemble",-TE (R52),R01 R06 R07 R09 R52,
SI-RU-TE,š-r-t,ʿ-r-h,H6168,"to be (causatively, make) bare; hence, to empty, pour out, demolish",-TE (R52) + second part of a compound (N07),N07 R01 R07 R09 R52,
SI-RU-TE,š-r-t,ʿ-r-l,H6188,"to expose or remove the prepuce, whether literal (to go naked) or figurative (to refrain from using)",-TE (R52) + second part of a compound (N07),N07 R01 R07 R09 R24 R52,
SI-RU-TE,š-r-t,ʿ-r-ṣ,H6206,"to awe or (intransitive) to dread; hence, to harass",first part of a compound (N07),N07 R01 R06 R07 R24,
SI-RU-TE,š-r-t,ʿ-r-r,H6209,"to bare; figuratively, to demolish",-TE (R52) + second part of a compound (N07),N07 R01 R07 R08 R09 R52,
SI-RU-TE,š-r-t,ʿ-ś-h,H6213,"to do or make, in the broadest sense and widest application",first part of a compound (N07),N07 R01 R06 R07,
SI-RU-TE,š-r-t,ʿ-ś-r,H6237,"to tithe, i.e. to take or give atenth",-TE (R52),R01 R06 R07 R09 R52,
SI-RU-TE,š-r-t,ʿ-š-r,H6238,"properly, to accumulate; chiefly (specifically) to grow (causatively, make) rich",-TE (R52),R01 R06 R07 R09 R52,
SI-RU-TE,š-r-t,ʿ-š-š,H6244,"probably to shrink, i.e. fail",first part of a compound (N07),N07 R01 R06 R07 R08,
SI-RU-TE,š-r-t,ṣ-h-l,H6670,"to gleam, i.e. (figuratively) be cheerful; by transference to sound clear (of various animal or human expressions)",-TE (R52),R01 R06 R07 R09 R52,
SI-RU-TE,š-r-t,ṣ-h-r,H6671,to press out oil,-TE (R52),R01 R06 R07 R09 R52,
SI-RU-TE,š-r-t,ṣ-w-h,H6680,"(intensively) to constitute, enjoin",first part of a compound (N07),N04 N07 R01 R06 R07,
SI-RU-TE,š-r-t,ṣ-w-ḥ,H6681,to screech (exultingly),first part of a compound (N07),N04 N07 R01 R06 R07 R21,
SI-RU-TE,š-r-t,ṣ-w-r,H6696,"to cramp, i.e. confine (in many applications, literally and figuratively, formative or hostile)",-TE (R52),N04 R01 R06 R09 R52,
SI-RU-TE,š-r-t,ṣ-ḥ-ḥ,H6705,"to glare, i.e. be dazzling white",first part of a compound (N07),N07 R01 R06 R07 R21,
SI-RU-TE,š-r-t,ṣ-l-h,H6740,to roast,-TE (R52),R01 R06 R07 R09 R52,
SI-RU-TE,š-r-t,ṣ-l-ḥ,H6743,"to push forward, in various senses (literal or figurative, transitive or intransitive)",-TE (R52),R01 R06 R07 R09 R21 R52,
SI-RU-TE,š-r-t,ṣ-l-l,H6749,"properly, to tumble down, i.e. settle by awaving motion",-TE (R52),R01 R06 R08 R09 R52,
SI-RU-TE,š-r-t,ṣ-l-ʿ,H6760,to limp (as if one-sided),-TE (R52),R01 R06 R07 R09 R52,
SI-RU-TE,š-r-t,ṣ-ʿ-h,H6808,"to tip over (for the purpose of spilling or pouring out), i.e. (figuratively) depopulate; by implication, to imprison or conquer; (reflexive) to lie down (for coitus)",first part of a compound (N07),N07 R01 R06 R07,
SI-RU-TE,š-r-t,ṣ-ʿ-r,H6819,"to be small, i.e. (figuratively) ignoble",-TE (R52),R01 R06 R07 R09 R52,
SI-RU-TE,š-r-t,ṣ-r-ḥ,H6873,"to be clear (in tone, i.e. shrill), i.e. to whoop",-TE (R52),R01 R06 R07 R09 R21 R52,
SI-RU-TE,š-r-t,ṣ-r-ʿ,H6879,"to scourge, i.e. (intransitive and figurative) to be stricken with leprosy",-TE (R52),R01 R06 R07 R09 R52,
SI-RU-TE,š-r-t,ṣ-r-r,H6887,"to cramp, literally or figuratively, transitive or intransitive",-TE (R52),R01 R06 R08 R09 R52,
SI-RU-TE,š-r-t,r-ʾ-h,H7200,"to see, literally or figuratively (in numerous applications, direct and implied, transitive, intransitive and causative)",-TE (R52) + second part of a compound (N07),N07 R01 R07 R09 R52,
SI-RU-TE,š-r-t,r-d-d,H7286,"to tread in pieces, i.e. (figuratively) to conquer, or (specifically) to overlay",second part of a compound (N07),N07 R01 R05 R08 R09 R11,
SI-RU-TE,š-r-t,r-d-h,H7287,"to tread down, i.e. subjugate; specifically, to crumble off",second part of a compound (N07),N07 R01 R05 R07 R09 R11,
SI-RU-TE,š-r-t,r-h-h,H7297,to fear,-TE (R52) + second part of a compound (N07),N07 R01 R07 R09 R52,
SI-RU-TE,š-r-t,r-w-d,H7300,"to tramp about, i.e. ramble (free or disconsolate)",second part of a compound (N07),N04 N07 R01 R05 R09 R11,
SI-RU-TE,š-r-t,r-w-h,H7301,to slake the thirst (occasionally of other appetites),-TE (R52) + second part of a compound (N07),N04 N07 R01 R07 R09 R52,
SI-RU-TE,š-r-t,r-w-ḥ,H7304,"properly, to breathe freely, i.e. revive; by implication, to have ample room",-TE (R52) + second part of a compound (N07),N04 N07 R01 R07 R09 R21 R52,
SI-RU-TE,š-r-t,r-w-ʿ,H7321,"to mar (especially by breaking); figuratively, to split the ears (with sound), i.e. shout (for alarm or joy)",-TE (R52) + second part of a compound (N07),N04 N07 R01 R07 R09 R52,
SI-RU-TE,š-r-t,r-w-ṣ,H7323,"to run (for whatever reason, especially to rush)",first part of a compound (N07),N04 N07 R01 R06 R24,
SI-RU-TE,š-r-t,r-w-r,H7325,"to slaver (with spittle), i.e. (by analogy) to emit afluid (ulcerous or natural)",-TE (R52) + second part of a compound (N07),N04 N07 R01 R09 R24 R52,
SI-RU-TE,š-r-t,r-w-š,H7326,to be destitute,first part of a compound (N07),N04 N07 R01 R06 R24,
SI-RU-TE,š-r-t,r-ḥ-ṣ,H7364,to lave (the whole or a part of a thing),first part of a compound (N07),N07 R01 R06 R07 R21 R24,
SI-RU-TE,š-r-t,r-ḥ-š,H7370,to gush,first part of a compound (N07),N07 R01 R06 R07 R21 R24,
SI-RU-TE,š-r-t,r-s-s,H7450,to moisten (with drops),first part of a compound (N07),N07 R01 R06 R08 R24,
SI-RU-TE,š-r-t,r-ʿ-d,H7460,to shudder (more or less violently),second part of a compound (N07),N07 R01 R05 R07 R09 R11,
SI-RU-TE,š-r-t,r-ʿ-h,H7462,"to tend a flock; i.e. pasture it; intransitively, to graze (literally or figuratively); generally to rule; by extension, to associate with (as a friend)",-TE (R52) + second part of a compound (N07),N07 R01 R07 R09 R52,
SI-RU-TE,š-r-t,r-ʿ-l,H7477,"to reel, i.e. (figuratively) to brandish",-TE (R52) + second part of a compound (N07),N07 R01 R07 R09 R24 R52,
SI-RU-TE,š-r-t,r-ʿ-ʿ,H7489,"properly, to spoil (literally, by breaking to pieces); figuratively, to make (or be) good fornothing, i.e. bad (physically, socially or morally)",-TE (R52) + second part of a compound (N07),N07 R01 R07 R09 R52,
SI-RU-TE,š-r-t,r-ʿ-ṣ,H7492,"to break in pieces; figuratively, harass",first part of a compound (N07),N07 R01 R06 R07 R24,
SI-RU-TE,š-r-t,r-ʿ-š,H7493,"to undulate (as the earth, the sky, etc.; also a field of grain), particularly through fear; specifically, to spring (as a locust)",first part of a compound (N07),N07 R01 R06 R07 R24,
SI-RU-TE,š-r-t,r-ṣ-ʾ,H7519,to run; also to delight in,first part of a compound (N07),N07 R01 R06 R07 R24,
SI-RU-TE,š-r-t,r-ṣ-h,H7521,"to be pleased with; specifically, to satisfy adebt",first part of a compound (N07),N07 R01 R06 R07 R24,
SI-RU-TE,š-r-t,r-ṣ-ḥ,H7523,"properly, to dash in pieces, i.e. kill (a human being), especially to murder",first part of a compound (N07),N07 R01 R06 R07 R21 R24,
SI-RU-TE,š-r-t,r-ṣ-ʿ,H7527,to pierce,first part of a compound (N07),N07 R01 R06 R07 R24,
SI-RU-TE,š-r-t,r-ṣ-ṣ,H7533,"to crack in pieces, literally or figuratively",first part of a compound (N07),N07 R01 R06 R08 R24,
SI-RU-TE,š-r-t,r-š-ʿ,H7561,"to be (causatively, do or declare) wrong; by implication, to disturb, violate",first part of a compound (N07),N07 R01 R06 R07 R24,
SI-RU-TE,š-r-t,r-š-š,H7567,to demolish,first part of a compound (N07),N07 R01 R06 R08 R24,
SI-RU-TE,š-r-t,r-t-ḥ,H7570,to boil,second part of a compound (N07),N07 R01 R05 R07 R09 R11 R21,
SI-RU-TE,š-r-t,š-ʾ-h,H7582,"to rush; by implication, to desolate",first part of a compound (N07),N07 R01 R06 R07,
SI-RU-TE,š-r-t,š-ʾ-l,H7592,"to inquire; by implication, to request; by extension, to demand",-TE (R52),R01 R06 R07 R09 R52,
SI-RU-TE,š-r-t,š-ʾ-r,H7604,"properly, to swell up, i.e. be (causatively, make) redundant",-TE (R52),R01 R06 R07 R09 R52,
SI-RU-TE,š-r-t,š-w-h,H7737,"properly, to level, i.e. equalize; figuratively, to resemble; by implication, to adjust (i.e. counterbalance, be suitable, compose, place, yield, etc.)",first part of a compound (N07),N04 N07 R01 R06 R07,
SI-RU-TE,š-r-t,ś-w-ḥ,H7742,to muse pensively,first part of a compound (N07),N04 N07 R01 R06 R07 R21,
SI-RU-TE,š-r-t,š-w-ḥ,H7743,"to sink, literally or figuratively",first part of a compound (N07),N04 N07 R01 R06 R07 R21,
SI-RU-TE,š-r-t,š-w-ʿ,H7768,"properly, to be free; but used only causatively and reflexively, to halloo (for help, i.e. freedom from some trouble)",first part of a compound (N07),N04 N07 R01 R06 R07,
SI-RU-TE,š-r-t,ś-w-r,H7786,"properly, to vanquish; by implication, to rule (causatively, crown)",-TE (R52),N04 R01 R06 R09 R52,
SI-RU-TE,š-r-t,š-w-r,H7788,"properly, to turn, i.e. travel about (as a harlot or a merchant)",-TE (R52),N04 R01 R06 R09 R52,
SI-RU-TE,š-r-t,ś-ḥ-h,H7811,"to swim; causatively, to inundate",first part of a compound (N07),N07 R01 R06 R07 R21,
SI-RU-TE,š-r-t,š-ḥ-h,H7812,"to depress, i.e. prostrate (especially reflexive, in homage to royalty or God)",first part of a compound (N07),N07 R01 R06 R07 R21,
SI-RU-TE,š-r-t,š-ḥ-ḥ,H7817,to sink or depress (reflexive or causative),first part of a compound (N07),N07 R01 R06 R07 R21,
SI-RU-TE,š-r-t,š-ḥ-r,H7835,to be dim or dark (in color),-TE (R52),R01 R06 R07 R09 R21 R52,
SI-RU-TE,š-r-t,š-l-h,H7951,"to be tranquil, i.e. secure or successful",-TE (R52),R01 R06 R07 R09 R52,
SI-RU-TE,š-r-t,š-l-ḥ,H7971,"to send away, for, or out (in a great variety of applications)",-TE (R52),R01 R06 R07 R09 R21 R52,
SI-RU-TE,š-r-t,š-l-ṭ,H7980,"to dominate, i.e. govern; by implication, to permit",(nothing),R01 R05 R06 R09 R11,
SI-RU-TE,š-r-t,š-l-l,H7997,"to drop or strip; by implication, to plunder",-TE (R52),R01 R06 R08 R09 R52,
SI-RU-TE,š-r-t,š-l-š,H8027,"to be (causatively, make) triplicate (by restoration, in portions, strands, days or years)",(nothing),R01 R05 R06 R09 R11,ṯ=š
SI-RU-TE,š-r-t,š-s-h,H8154,to plunder,first part of a compound (N07),N07 R01 R06 R07 R22,
SI-RU-TE,š-r-t,š-s-ʿ,H8156,"to split or tear; figuratively, to upbraid",first part of a compound (N07),N07 R01 R06 R07 R22,
SI-RU-TE,š-r-t,š-ʿ-h,H8159,"to gaze at or about (properly, for help); by implication, to inspect, consider, compassionate, be nonplussed (as looking around in amazement) or bewildered",first part of a compound (N07),N07 R01 R06 R07,
SI-RU-TE,š-r-t,š-ʿ-ʿ,H8173,"(in a good acceptation) to look upon (with complacency), i.e. fondle, please or amuse (self); (in a bad one) to look about (in dismay), i.e. stare",first part of a compound (N07),N07 R01 R06 R07,
SI-RU-TE,š-r-t,ś-ʿ-r,H8175,"to storm; by implication, to shiver, i.e. fear",-TE (R52),R01 R06 R07 R09 R52,
SI-RU-TE,š-r-t,š-ʿ-r,H8176,to act as gatekeeper; (figuratively) to estimate,-TE (R52),R01 R06 R07 R09 R52,
SI-RU-TE,š-r-t,ś-r-d,H8277,"properly, to puncture, i.e. (figuratively through the idea of slipping out) to escape or survive",(nothing),R01 R05 R06 R09 R11,
SI-RU-TE,š-r-t,ś-r-h,H8280,to prevail,-TE (R52),R01 R06 R07 R09 R52,
SI-RU-TE,š-r-t,š-r-h,H8281,to free,-TE (R52),R01 R06 R07 R09 R52,
SI-RU-TE,š-r-t,ś-r-ṭ,H8295,to gash,(nothing),R01 R05 R06 R09 R11,
SI-RU-TE,š-r-t,ś-r-ʿ,H8311,"to prolong, i.e. (reflex) be deformed by excess of members",-TE (R52),R01 R06 R07 R09 R52,
SI-RU-TE,š-r-t,š-r-ṣ,H8317,"to wriggle, i.e. (by implication) swarm or abound",(nothing),R01 R05 R06 R09 R11,
SI-RU-TE,š-r-t,ś-r-r,H8323,"to have (transitively, exercise; reflexively, get) dominion",-TE (R52),R01 R06 R08 R09 R52,
SI-RU-TE,š-r-t,š-r-r,H8324,to be hostile (only active participle an opponent),-TE (R52),R01 R06 R08 R09 R52,
SI-RU-TE,š-r-t,š-r-š,H8327,"to root, i.e. strike into the soil, or (by implication) to pluck from it",(nothing),R01 R05 R06 R09 R11,ṯ=š
SI-RU-TE,š-r-t,š-r-t,H8334,"to attend as a menial or worshipper; figuratively, to contribute to",(nothing),R01 R05 R06 R09 R11,
SI-RU-TE,š-r-t,š-š-ʾ,H8338,to annihilate,first part of a compound (N07),N07 R01 R06 R07 R08,
SI-RU-TE,š-r-t,t-ʾ-h,H8376,"to mark off, i.e. (intensively) designate",second part of a compound (N07),N07 R01 R05 R07 R11,
SI-RU-TE,š-r-t,t-w-h,H8427,"to mark out, i.e. (primitive) scratch or (definite) imprint",second part of a compound (N07),N04 N07 R01 R05 R07 R11,
SI-RU-TE,š-r-t,t-ʿ-h,H8582,"to vacillate, i.e. reel or stray (literally or figuratively); also causative of both",second part of a compound (N07),N07 R01 R05 R07 R11,
SI-RU-TE,š-r-t,t-ʿ-ʿ,H8591,"to cheat; by analogy, to maltreat",second part of a compound (N07),N07 R01 R05 R07 R11,
TA-NA-RA-TE-U-TI-NU,r-ṣ-y,ʾ-d-š,H156,to tread out (grain),-NU (R50) + TA-NA- (R40) + RA- (R44),R01 R02 R05 R07 R11 R40 R44 R50,ṯ=š
TA-NA-RA-TE-U-TI-NU,r-ṣ-y,ʾ-h-l,H166,to be clear,TA-NA- (R40) + first part of a compound (N07),N07 R01 R07 R09 R40,
TA-NA-RA-TE-U-TI-NU,r-ṣ-y,ʾ-w-h,H183,to wish for,-NU (R50) + -TI (R49) + TA-NA- (R40) + second part of a compound (N07),N04 N07 R01 R07 R40 R49 R50,
TA-NA-RA-TE-U-TI-NU,r-ṣ-y,ʾ-w-ṣ,H213,"to press; (by implication) to be close, hurry, withdraw",-NU (R50) + -TI (R49) + TA-NA- (R40) + RA- (R44),N04 R01 R02 R05 R07 R11 R40 R44 R49 R50,
TA-NA-RA-TE-U-TI-NU,r-ṣ-y,ʾ-w-r,H215,"to be (causative, make) luminous (literally and metaphorically)",TA-NA- (R40) + first part of a compound (N07),N04 N07 R01 R07 R09 R40,
TA-NA-RA-TE-U-TI-NU,r-ṣ-y,ʾ-w-t,H225,"properly, to come, i.e. (implied) to assent",-NU (R50) + -TI (R49) + TA-NA- (R40) + RA- (R44),N04 R01 R02 R05 R07 R11 R40 R44 R49 R50,
TA-NA-RA-TE-U-TI-NU,r-ṣ-y,ʾ-ḥ-d,H258,"to unify, i.e. (figuratively) collect (one's thoughts)",-NU (R50) + -TI (R49) + TA-NA- (R40) + RA- (R44),R01 R02 R05 R07 R11 R21 R40 R44 R49 R50,
TA-NA-RA-TE-U-TI-NU,r-ṣ-y,ʾ-ḥ-r,H309,to loiter (i.e. be behind); by implication to procrastinate,TA-NA- (R40) + first part of a compound (N07),N07 R01 R07 R09 R21 R40,
TA-NA-RA-TE-U-TI-NU,r-ṣ-y,ʾ-l-h,H421,to bewail,TA-NA- (R40) + first part of a compound (N07),N07 R01 R07 R09 R40,
TA-NA-RA-TE-U-TI-NU,r-ṣ-y,ʾ-l-ḥ,H444,"to muddle, i.e. (figuratively and intransitive) to turn (morally) corrupt",TA-NA- (R40) + first part of a compound (N07),N07 R01 R07 R09 R21 R40,
TA-NA-RA-TE-U-TI-NU,r-ṣ-y,ʾ-l-ṣ,H509,to press,-NU (R50) + -TI (R49) + TA-NA- (R40),R01 R02 R05 R07 R09 R11 R40 R49 R50,
TA-NA-RA-TE-U-TI-NU,r-ṣ-y,ʾ-n-h,H578,to groan,TA-NA- (R40) + second part of a compound (N07),N07 R01 R07 R40,
TA-NA-RA-TE-U-TI-NU,r-ṣ-y,ʾ-n-ḥ,H584,to sigh,TA-NA- (R40) + second part of a compound (N07),N07 R01 R07 R21 R40,
TA-NA-RA-TE-U-TI-NU,r-ṣ-y,ʾ-n-n,H596,"to mourn, i.e. complain",TA-NA- (R40) + second part of a compound (N07),N07 R01 R07 R08 R40,
TA-NA-RA-TE-U-TI-NU,r-ṣ-y,ʾ-s-r,H631,"to yoke or hitch; by analogy, to fasten in any sense, to join battle",TA-NA- (R40) + first part of a compound (N07),N07 R01 R07 R09 R22 R40,
TA-NA-RA-TE-U-TI-NU,r-ṣ-y,ʾ-r-h,H717,to pluck,TA-NA- (R40) + first part of a compound (N07),N07 R01 R07 R09 R40,
TA-NA-RA-TE-U-TI-NU,r-ṣ-y,ʾ-r-ḥ,H732,to travel,TA-NA- (R40) + first part of a compound (N07),N07 R01 R07 R09 R21 R40,
TA-NA-RA-TE-U-TI-NU,r-ṣ-y,ʾ-r-r,H779,to execrate,TA-NA- (R40) + first part of a compound (N07),N07 R01 R07 R08 R09 R40,
TA-NA-RA-TE-U-TI-NU,r-ṣ-y,ʾ-t-h,H857,to arrive,-NU (R50) + -TI (R49) + TA-NA- (R40) + RA- (R44),R01 R05 R07 R11 R40 R44 R49 R50,
TA-NA-RA-TE-U-TI-NU,r-ṣ-y,d-ʾ-h,H1675,"to dart, i.e. fly rapidly",-NU (R50) + -TI (R49) + TA-NA- (R40) + RA- (R44),R01 R05 R07 R11 R40 R44 R49 R50,
TA-NA-RA-TE-U-TI-NU,r-ṣ-y,d-w-h,H1738,to be sick (as if in menstruation),-NU (R50) + -TI (R49) + TA-NA- (R40) + RA- (R44),N04 R01 R05 R07 R11 R40 R44 R49 R50,
TA-NA-RA-TE-U-TI-NU,r-ṣ-y,d-w-ḥ,H1740,"to thrust away; figuratively, to cleanse",-NU (R50) + -TI (R49) + TA-NA- (R40) + RA- (R44),N04 R01 R05 R07 R11 R40 R44 R49 R50,
TA-NA-RA-TE-U-TI-NU,r-ṣ-y,d-w-ṣ,H1750,to leap,-NU (R50) + TA-NA- (R40) + RA- (R44),N06 R01 R05 R11 R40 R44 R50,
TA-NA-RA-TE-U-TI-NU,r-ṣ-y,d-w-š,H1758,to trample or thresh,-NU (R50) + TA-NA- (R40) + RA- (R44),N06 R01 R05 R11 R40 R44 R50,ṯ=š
TA-NA-RA-TE-U-TI-NU,r-ṣ-y,d-ḥ-h,H1760,to push down,-NU (R50) + -TI (R49) + TA-NA- (R40) + RA- (R44),R01 R05 R07 R11 R40 R44 R49 R50,
TA-NA-RA-TE-U-TI-NU,r-ṣ-y,d-r-š,H1875,"properly, to tread or frequent; usually to follow (for pursuit or search); by implication, to seek or ask; specifically to worship",-NU (R50) + TA-NA- (R40) + RA- (R44),R01 R02 R05 R11 R24 R40 R44 R50,ṯ=š
TA-NA-RA-TE-U-TI-NU,r-ṣ-y,d-š-ʾ,H1876,to sprout,-NU (R50) + TA-NA- (R40) + RA- (R44),R01 R02 R05 R07 R11 R40 R44 R50,ṯ=š
TA-NA-RA-TE-U-TI-NU,r-ṣ-y,d-š-n,H1878,"to be fat; transitively, to fatten (or regard as fat); specifically to anoint; figuratively, to satisfy;  to remove (fat) ashes (of sacrifices)",TA-NA- (R40) + RA- (R44),R01 R02 R05 R11 R40 R44,ṯ=š
TA-NA-RA-TE-U-TI-NU,r-ṣ-y,h-d-h,H1911,to stretch forth the hand,-NU (R50) + -TI (R49) + TA-NA- (R40) + RA- (R44),R01 R05 R07 R11 R40 R44 R49 R50,
TA-NA-RA-TE-U-TI-NU,r-ṣ-y,h-w-ʾ,H1933,to be (in the sense of existence),-NU (R50) + -TI (R49) + TA-NA- (R40) + second part of a compound (N07),N04 N07 R01 R07 R40 R49 R50,
TA-NA-RA-TE-U-TI-NU,r-ṣ-y,h-w-n,H1951,"properly, to be naught, i.e. (figuratively) to be (causatively, act) light",TA-NA- (R40) + second part of a compound (N07),N04 N07 R01 R07 R40,
TA-NA-RA-TE-U-TI-NU,r-ṣ-y,h-l-l,H1984,"to be clear (orig. of sound, but usually of color); to shine; hence, to make ashow, to boast; and thus to be (clamorously) foolish; to rave; causatively, to celebrate; also to stultify",TA-NA- (R40) + first part of a compound (N07),N07 R01 R07 R08 R09 R40,
TA-NA-RA-TE-U-TI-NU,r-ṣ-y,h-s-h,H2013,to hush,-NU (R50) + -TI (R49) + TA-NA- (R40) + second part of a compound (N07),N07 R01 R07 R22 R40 R49 R50,
TA-NA-RA-TE-U-TI-NU,r-ṣ-y,h-r-h,H2029,"to be (or become) pregnant, conceive (literally or figuratively)",TA-NA- (R40) + first part of a compound (N07),N07 R01 R07 R09 R40,
TA-NA-RA-TE-U-TI-NU,r-ṣ-y,h-r-s,H2040,"to pull down or in pieces, break, destroy",TA-NA- (R40) + first part of a compound (N07),N07 R01 R07 R09 R22 R40,
TA-NA-RA-TE-U-TI-NU,r-ṣ-y,h-t-t,H2050,"properly, to break in upon, i.e. to assail",-NU (R50) + TA-NA- (R40) + RA- (R44),R01 R02 R05 R07 R11 R40 R44 R50,
TA-NA-RA-TE-U-TI-NU,r-ṣ-y,ḥ-d-d,H2300,"to be (causatively, make) sharp or (figuratively) severe",-NU (R50) + TA-NA- (R40) + RA- (R44),R01 R02 R05 R07 R11 R21 R40 R44 R50,
TA-NA-RA-TE-U-TI-NU,r-ṣ-y,ḥ-d-h,H2302,to rejoice,-NU (R50) + -TI (R49) + TA-NA- (R40) + RA- (R44),R01 R05 R07 R11 R21 R40 R44 R49 R50,
TA-NA-RA-TE-U-TI-NU,r-ṣ-y,ḥ-d-š,H2318,"to be new; causatively, to rebuild",-NU (R50) + TA-NA- (R40) + RA- (R44),R01 R02 R05 R07 R11 R21 R40 R44 R50,ṯ=š
TA-NA-RA-TE-U-TI-NU,r-ṣ-y,ḥ-w-d,H2330,"properly, to tie a knot, i.e. (figuratively) to propound a riddle",-NU (R50) + -TI (R49) + TA-NA- (R40) + RA- (R44),N04 R01 R02 R05 R07 R11 R21 R40 R44 R49 R50,
TA-NA-RA-TE-U-TI-NU,r-ṣ-y,ḥ-w-h,H2331,"properly, to live; by implication (intensively) to declare or show",-NU (R50) + -TI (R49) + TA-NA- (R40) + second part of a compound (N07),N04 N07 R01 R07 R40 R49 R50,
TA-NA-RA-TE-U-TI-NU,r-ṣ-y,ḥ-w-l,H2342,"properly, to twist or whirl (in a circular or spiral manner), i.e. (specifically) to dance, to writhe in pain (especially of parturition) or fear; figuratively, to wait, to pervert",TA-NA- (R40) + first part of a compound (N07),N04 N07 R01 R07 R09 R21 R40,
TA-NA-RA-TE-U-TI-NU,r-ṣ-y,ḥ-w-s,H2347,"properly, to cover, i.e. (figuratively) to compassionate",-NU (R50) + -TI (R49) + TA-NA- (R40) + second part of a compound (N07),N04 N07 R01 R07 R22 R40 R49 R50,
TA-NA-RA-TE-U-TI-NU,r-ṣ-y,ḥ-w-r,H2357,to blanch (as with shame),TA-NA- (R40) + first part of a compound (N07),N04 N07 R01 R07 R09 R21 R40,
TA-NA-RA-TE-U-TI-NU,r-ṣ-y,ḥ-w-š,H2363,"to hurry; figuratively, to be eager with excitement or enjoyment",-NU (R50) + -TI (R49) + TA-NA- (R40) + RA- (R44),N04 R01 R02 R05 R07 R11 R21 R40 R44 R49 R50,ṯ=š
TA-NA-RA-TE-U-TI-NU,r-ṣ-y,ḥ-ṭ-ʾ,H2398,"properly, to miss; hence (figuratively and generally) to sin; by inference, to forfeit, lack, expiate, repent, (causatively) lead astray, condemn",-NU (R50) + -TI (R49) + TA-NA- (R40) + RA- (R44),R01 R05 R07 R11 R21 R40 R44 R49 R50,
TA-NA-RA-TE-U-TI-NU,r-ṣ-y,ḥ-l-ʾ,H2456,to be sick,TA-NA- (R40) + first part of a compound (N07),N07 R01 R07 R09 R21 R40,
TA-NA-RA-TE-U-TI-NU,r-ṣ-y,ḥ-l-h,H2470,"properly, to be rubbed or worn; hence (figuratively) to be weak, sick, afflicted; or (causatively) to grieve, make sick; also to stroke (in flattering), entreat",TA-NA- (R40) + first part of a compound (N07),N07 R01 R07 R09 R21 R40,
TA-NA-RA-TE-U-TI-NU,r-ṣ-y,ḥ-l-ṭ,H2480,to snatch at,-NU (R50) + -TI (R49) + TA-NA- (R40),R01 R02 R05 R07 R09 R11 R21 R40 R49 R50,
TA-NA-RA-TE-U-TI-NU,r-ṣ-y,ḥ-l-l,H2490,"properly, to bore, i.e. (by implication) to wound, to dissolve; figuratively, to profane (a person, place or thing), to break (one's word), to begin (as if by an 'opening wedge'); to play (the flute)",TA-NA- (R40) + first part of a compound (N07),N07 R01 R07 R08 R09 R21 R40,
TA-NA-RA-TE-U-TI-NU,r-ṣ-y,ḥ-l-ṣ,H2502,"to pull off; hence (intensively) to strip, (reflex.) to depart; by implication, to deliver, equip (for fight); present, strengthen",-NU (R50) + -TI (R49) + TA-NA- (R40),R01 R02 R05 R07 R09 R11 R21 R40 R49 R50,
TA-NA-RA-TE-U-TI-NU,r-ṣ-y,ḥ-l-š,H2522,"to prostrate; by implication, to overthrow, decay",-NU (R50) + -TI (R49) + TA-NA- (R40),R01 R02 R05 R07 R09 R11 R21 R40 R49 R50,ṯ=š
TA-NA-RA-TE-U-TI-NU,r-ṣ-y,ḥ-n-h,H2583,"properly, to incline; by implication, to decline (of the slanting rays of evening); specifically, to pitch atent; gen. to encamp (for abode or siege)",TA-NA- (R40) + second part of a compound (N07),N07 R01 R07 R21 R40,
TA-NA-RA-TE-U-TI-NU,r-ṣ-y,ḥ-n-n,H2603,"properly, to bend or stoop in kindness to an inferior; to favor, bestow; causatively to implore (i.e. move to favor by petition)",TA-NA- (R40) + second part of a compound (N07),N07 R01 R07 R08 R21 R40,
TA-NA-RA-TE-U-TI-NU,r-ṣ-y,ḥ-s-d,H2616,"properly, perhaps to bow (the neck only  in courtesy to an equal), i.e. to be kind; also (by euphemistically, but rarely) to reprove",-NU (R50) + -TI (R49) + TA-NA- (R40) + RA- (R44),R01 R02 R05 R07 R11 R21 R22 R40 R44 R49 R50,
TA-NA-RA-TE-U-TI-NU,r-ṣ-y,ḥ-s-h,H2620,"to flee for protection; figuratively, to confide in",-NU (R50) + -TI (R49) + TA-NA- (R40) + second part of a compound (N07),N07 R01 R07 R22 R40 R49 R50,
TA-NA-RA-TE-U-TI-NU,r-ṣ-y,ḥ-s-l,H2628,to eat off,TA-NA- (R40) + first part of a compound (N07),N07 R01 R07 R09 R21 R22 R40,
TA-NA-RA-TE-U-TI-NU,r-ṣ-y,ḥ-s-n,H2630,"properly, to (be) compact; by implication, to hoard",TA-NA- (R40) + second part of a compound (N07),N07 R01 R07 R21 R22 R40,
TA-NA-RA-TE-U-TI-NU,r-ṣ-y,ḥ-s-r,H2637,"to lack; by implication, to fail, want, lessen",TA-NA- (R40) + first part of a compound (N07),N07 R01 R07 R09 R21 R22 R40,
TA-NA-RA-TE-U-TI-NU,r-ṣ-y,ḥ-ṣ-h,H2673,to cut or split in two; to halve,-NU (R50) + -TI (R49) + TA-NA- (R40) + RA- (R44),R01 R05 R07 R11 R21 R40 R44 R49 R50,
TA-NA-RA-TE-U-TI-NU,r-ṣ-y,ḥ-ṣ-ṣ,H2686,"properly, to chop into, pierce or sever; hence, to curtail, to distribute (into ranks);  to shoot an arrow",-NU (R50) + TA-NA- (R40) + RA- (R44),R01 R02 R05 R07 R11 R21 R40 R44 R50,
TA-NA-RA-TE-U-TI-NU,r-ṣ-y,ḥ-r-d,H2729,"to shudder with terror; hence, to fear; also to hasten (with anxiety)",-NU (R50) + -TI (R49) + TA-NA- (R40),R01 R02 R05 R07 R09 R11 R21 R40 R49 R50,
TA-NA-RA-TE-U-TI-NU,r-ṣ-y,ḥ-r-h,H2734,"to glow or grow warm; figuratively (usually) to blaze up, of anger, zeal, jealousy",TA-NA- (R40) + first part of a compound (N07),N07 R01 R07 R09 R21 R40,
TA-NA-RA-TE-U-TI-NU,r-ṣ-y,ḥ-r-ṭ,H2747,a chisel or graver; also a style forwriting,-NU (R50) + -TI (R49) + TA-NA- (R40),R01 R02 R05 R07 R09 R11 R21 R40 R49 R50,
TA-NA-RA-TE-U-TI-NU,r-ṣ-y,ḥ-r-ṣ,H2782,"properly, to point sharply, i.e. (literally) to wound; figuratively, to be alert, to decide",-NU (R50) + -TI (R49) + TA-NA- (R40),R01 R02 R05 R07 R09 R11 R21 R40 R49 R50,
TA-NA-RA-TE-U-TI-NU,r-ṣ-y,ḥ-r-r,H2787,"to glow, i.e. literally (to melt, burn, dry up) or figuratively (to show or incite passion)",TA-NA- (R40) + first part of a compound (N07),N07 R01 R07 R08 R09 R21 R40,
TA-NA-RA-TE-U-TI-NU,r-ṣ-y,ḥ-r-š,H2790,"to scratch, i.e. (by implication) to engrave, plough; hence (from the use of tools) to fabricate (of any material); figuratively, to devise (in a bad sense); hence (from the idea of secrecy) to be silent, to let alone; hence (by implication) to be deaf (as an accompaniment of dumbness)",-NU (R50) + -TI (R49) + TA-NA- (R40),R01 R02 R05 R07 R09 R11 R21 R40 R49 R50,ṯ=š
TA-NA-RA-TE-U-TI-NU,r-ṣ-y,ḥ-r-t,H2801,to engrave,-NU (R50) + -TI (R49) + TA-NA- (R40),R01 R02 R05 R07 R09 R11 R21 R40 R49 R50,
TA-NA-RA-TE-U-TI-NU,r-ṣ-y,ḥ-š-h,H2814,to hush or keep quiet,-NU (R50) + -TI (R49) + TA-NA- (R40) + RA- (R44),R01 R05 R07 R11 R21 R40 R44 R49 R50,ṯ=š
TA-NA-RA-TE-U-TI-NU,r-ṣ-y,ḥ-t-h,H2846,to lay hold of; especially to pick up fire,-NU (R50) + -TI (R49) + TA-NA- (R40) + RA- (R44),R01 R05 R07 R11 R21 R40 R44 R49 R50,
TA-NA-RA-TE-U-TI-NU,r-ṣ-y,ḥ-t-n,H2859,to give (a daughter) away in marriage; hence (generally) to contract affinity by marriage,TA-NA- (R40) + second part of a compound (N07),N07 R01 R05 R07 R11 R40,
TA-NA-RA-TE-U-TI-NU,r-ṣ-y,ḥ-t-t,H2865,"properly, to prostrate; hence, to break down, either (literally) by violence, or (figuratively) by confusion and fear",-NU (R50) + TA-NA- (R40) + RA- (R44),R01 R02 R05 R07 R11 R21 R40 R44 R50,
TA-NA-RA-TE-U-TI-NU,r-ṣ-y,ṭ-w-ʾ,H2894,to sweep away,-NU (R50) + -TI (R49) + TA-NA- (R40) + RA- (R44),N04 R01 R05 R07 R11 R40 R44 R49 R50,
TA-NA-RA-TE-U-TI-NU,r-ṣ-y,ṭ-w-h,H2901,to spin,-NU (R50) + -TI (R49) + TA-NA- (R40) + RA- (R44),N04 R01 R05 R07 R11 R40 R44 R49 R50,
TA-NA-RA-TE-U-TI-NU,r-ṣ-y,ṭ-w-ḥ,H2902,"to smear, especially with lime",-NU (R50) + -TI (R49) + TA-NA- (R40) + RA- (R44),N04 R01 R05 R07 R11 R40 R44 R49 R50,
TA-NA-RA-TE-U-TI-NU,r-ṣ-y,ṭ-ḥ-h,H2909,"to stretch a bow, as an archer",-NU (R50) + -TI (R49) + TA-NA- (R40) + RA- (R44),R01 R05 R07 R11 R40 R44 R49 R50,
TA-NA-RA-TE-U-TI-NU,r-ṣ-y,ṭ-ḥ-n,H2912,"to grind meal; hence, to be aconcubine (that being their employment)",TA-NA- (R40) + second part of a compound (N07),N07 R01 R05 R07 R11 R21 R40,
TA-NA-RA-TE-U-TI-NU,r-ṣ-y,ṭ-ʿ-h,H2937,to wander; causatively to lead astray,-NU (R50) + -TI (R49) + TA-NA- (R40) + RA- (R44),R01 R05 R07 R11 R40 R44 R49 R50,
TA-NA-RA-TE-U-TI-NU,r-ṣ-y,ṭ-ʿ-n,H2943,to load a beast,TA-NA- (R40) + second part of a compound (N07),N07 R01 R05 R07 R11 R40,
TA-NA-RA-TE-U-TI-NU,r-ṣ-y,ṭ-r-d,H2956,"to drive on; figuratively, to follow close",-NU (R50) + TA-NA- (R40) + RA- (R44),R01 R02 R05 R11 R24 R40 R44 R50,
TA-NA-RA-TE-U-TI-NU,r-ṣ-y,ṭ-r-ḥ,H2959,to overburden,-NU (R50) + -TI (R49) + TA-NA- (R40) + RA- (R44),R01 R05 R07 R11 R24 R40 R44 R49 R50,
TA-NA-RA-TE-U-TI-NU,r-ṣ-y,y-ʾ-h,H2969,to be suitable,-NU (R50) + -TI (R49) + TA-NA- (R40) + second part of a compound (N07),N07 R01 R07 R40 R49 R50 R62,
TA-NA-RA-TE-U-TI-NU,r-ṣ-y,y-ʾ-l,H2973,"properly, to be slack, i.e. (figuratively) to be foolish",TA-NA- (R40) + first part of a compound (N07),N07 R01 R07 R09 R40 R62,
TA-NA-RA-TE-U-TI-NU,r-ṣ-y,y-ʾ-š,H2976,"to desist, i.e. (figuratively) to despond",-NU (R50) + -TI (R49) + TA-NA- (R40) + RA- (R44),R01 R02 R05 R07 R11 R40 R44 R49 R50 R62,ṯ=š
TA-NA-RA-TE-U-TI-NU,r-ṣ-y,y-d-d,H3032,"properly, to handle, i.e. to throw, e.g. lots",-NU (R50) + TA-NA- (R40) + RA- (R44),R01 R02 R05 R11 R40 R44 R50 R62,
TA-NA-RA-TE-U-TI-NU,r-ṣ-y,y-d-h,H3034,"physically, to throw (a stone, an arrow) at or away; especially to revere or worship (with extended hands); intensively, to bemoan (by wringing the hands)",-NU (R50) + -TI (R49) + TA-NA- (R40) + RA- (R44),R01 R05 R07 R11 R40 R44 R49 R50 R62,
TA-NA-RA-TE-U-TI-NU,r-ṣ-y,y-d-ʿ,H3045,"to know (properly, to ascertain by seeing); used in a great variety of senses, figuratively, literally, euphemistically and inferentially (including observation, care, recognition; and causatively, instruction, designation, punishment, etc.)",-NU (R50) + -TI (R49) + TA-NA- (R40) + RA- (R44),R01 R05 R07 R11 R40 R44 R49 R50 R62,
TA-NA-RA-TE-U-TI-NU,r-ṣ-y,y-ḥ-d,H3161,to be (or become) one,-NU (R50) + -TI (R49) + TA-NA- (R40) + RA- (R44),R01 R02 R05 R07 R11 R21 R40 R44 R49 R50 R62,
TA-NA-RA-TE-U-TI-NU,r-ṣ-y,y-ḥ-l,H3176,"to wait; by implication, to be patient, hope",TA-NA- (R40) + first part of a compound (N07),N07 R01 R07 R09 R21 R40 R62,
TA-NA-RA-TE-U-TI-NU,r-ṣ-y,y-ḥ-r,H3186,to delay,TA-NA- (R40) + first part of a compound (N07),N07 R01 R07 R09 R21 R40 R62,
TA-NA-RA-TE-U-TI-NU,r-ṣ-y,y-l-d,H3205,"to bear young; causatively, to beget; medically, to act as midwife; specifically, to show lineage",-NU (R50) + -TI (R49) + TA-NA- (R40),R01 R02 R05 R09 R11 R40 R49 R50 R62,
TA-NA-RA-TE-U-TI-NU,r-ṣ-y,y-l-l,H3213,to howl (with a wailing tone) or yell (with a boisterous one),TA-NA- (R40) + first part of a compound (N07),N07 R01 R08 R09 R40 R62,
TA-NA-RA-TE-U-TI-NU,r-ṣ-y,y-l-ʿ,H3216,to blurt or utter inconsiderately,TA-NA- (R40) + first part of a compound (N07),N07 R01 R07 R09 R40 R62,
TA-NA-RA-TE-U-TI-NU,r-ṣ-y,y-n-h,H3238,"to rage or be violent; by implication, to suppress, to maltreat",TA-NA- (R40) + second part of a compound (N07),N07 R01 R07 R40 R62,
TA-NA-RA-TE-U-TI-NU,r-ṣ-y,y-n-ḥ,H3240,"to deposit; by implication, to allow to stay",TA-NA- (R40) + second part of a compound (N07),N07 R01 R07 R21 R40 R62,
TA-NA-RA-TE-U-TI-NU,r-ṣ-y,y-s-d,H3245,"to set (literally or figuratively); intensively, to found; reflexively, to sit down together, i.e. settle, consult",-NU (R50) + -TI (R49) + TA-NA- (R40) + RA- (R44),R01 R02 R05 R11 R22 R40 R44 R49 R50 R62,
TA-NA-RA-TE-U-TI-NU,r-ṣ-y,y-s-r,H3256,"to chastise, literally (with blows) or figuratively (with words); hence, to instruct",TA-NA- (R40) + first part of a compound (N07),N07 R01 R09 R22 R40 R62,
TA-NA-RA-TE-U-TI-NU,r-ṣ-y,y-ʿ-d,H3259,"to fix upon (by agreement or appointment); by implication, to meet (at a stated time), to summon (to trial), to direct (in a certain quarter or position), to engage (for marriage)",-NU (R50) + -TI (R49) + TA-NA- (R40) + RA- (R44),R01 R02 R05 R07 R11 R40 R44 R49 R50 R62,
TA-NA-RA-TE-U-TI-NU,r-ṣ-y,y-ʿ-h,H3261,to brush aside,-NU (R50) + -TI (R49) + TA-NA- (R40) + second part of a compound (N07),N07 R01 R07 R40 R49 R50 R62,
TA-NA-RA-TE-U-TI-NU,r-ṣ-y,y-ʿ-ṭ,H3271,to clothe,-NU (R50) + -TI (R49) + TA-NA- (R40) + RA- (R44),R01 R02 R05 R07 R11 R40 R44 R49 R50 R62,
TA-NA-RA-TE-U-TI-NU,r-ṣ-y,y-ʿ-l,H3276,"properly, to ascend; figuratively, to be valuable (objectively; useful, subjectively; benefited)",TA-NA- (R40) + first part of a compound (N07),N07 R01 R07 R09 R40 R62,
TA-NA-RA-TE-U-TI-NU,r-ṣ-y,y-ʿ-ṣ,H3289,"to advise; reflexively, to deliberate or resolve",-NU (R50) + -TI (R49) + TA-NA- (R40) + RA- (R44),R01 R02 R05 R07 R11 R40 R44 R49 R50 R62,
TA-NA-RA-TE-U-TI-NU,r-ṣ-y,y-ṣ-ʾ,H3318,"to go (causatively, bring) out, in a great variety of applications, literally and figuratively, direct and proxim.",-NU (R50) + -TI (R49) + TA-NA- (R40) + RA- (R44),R01 R05 R07 R11 R40 R44 R49 R50 R62,
TA-NA-RA-TE-U-TI-NU,r-ṣ-y,y-ṣ-ʿ,H3331,to strew as a surface,-NU (R50) + -TI (R49) + TA-NA- (R40) + RA- (R44),R01 R05 R07 R11 R40 R44 R49 R50 R62,
TA-NA-RA-TE-U-TI-NU,r-ṣ-y,y-ṣ-t,H3341,"to burn or set on fire; figuratively, to desolate",-NU (R50) + TA-NA- (R40) + RA- (R44),R01 R02 R05 R11 R40 R44 R50 R62,
TA-NA-RA-TE-U-TI-NU,r-ṣ-y,y-r-ʾ,H3372,"to fear; morally, to revere; caus. to frighten",TA-NA- (R40) + first part of a compound (N07),N07 R01 R07 R09 R40 R62,
TA-NA-RA-TE-U-TI-NU,r-ṣ-y,y-r-d,H3381,"to descend (literally, to go downwards; or conventionally to a lower region, as the shore, a boundary, the enemy, etc.; or figuratively, to fall); causatively, to bring down (in all the above applications)",-NU (R50) + -TI (R49) + TA-NA- (R40),R01 R02 R05 R09 R11 R40 R49 R50 R62,
TA-NA-RA-TE-U-TI-NU,r-ṣ-y,y-r-h,H3384,"properly, to flow as water (i.e. to rain); transitively, to lay or throw (especially an arrow, i.e. to shoot); figuratively, to point out (as if by aiming the finger), to teach",TA-NA- (R40) + first part of a compound (N07),N07 R01 R07 R09 R40 R62,
TA-NA-RA-TE-U-TI-NU,r-ṣ-y,y-r-ṭ,H3399,to precipitate or hurl (rush) headlong; (intransitively) to be rash,-NU (R50) + -TI (R49) + TA-NA- (R40),R01 R02 R05 R09 R11 R40 R49 R50 R62,
TA-NA-RA-TE-U-TI-NU,r-ṣ-y,y-r-ʿ,H3415,"properly, to be broken up (with any violent action) i.e. (figuratively) to fear",TA-NA- (R40) + first part of a compound (N07),N07 R01 R07 R09 R40 R62,
TA-NA-RA-TE-U-TI-NU,r-ṣ-y,y-r-š,H3423,"to occupy (by driving out previous tenants, and possessing in their place); by implication, to seize, to rob, to inherit; also to expel, to impoverish, to ruin",-NU (R50) + -TI (R49) + TA-NA- (R40),R01 R02 R05 R09 R11 R40 R49 R50 R62,ṯ=š
TA-NA-RA-TE-U-TI-NU,r-ṣ-y,y-š-ṭ,H3447,to extend,-NU (R50) + TA-NA- (R40) + RA- (R44),R01 R02 R05 R11 R40 R44 R50 R62,ṯ=š
TA-NA-RA-TE-U-TI-NU,r-ṣ-y,y-š-n,H3462,"properly, to be slack or languid, i.e. (by implication) sleep (figuratively, to die); also to grow old, stale or inveterate",TA-NA- (R40) + second part of a compound (N07),N07 R01 R05 R11 R40 R62,ṯ=š
TA-NA-RA-TE-U-TI-NU,r-ṣ-y,y-š-ʿ,H3467,"properly, to be open, wide or free, i.e. (by implication) to be safe; causatively, to free or succor",-NU (R50) + -TI (R49) + TA-NA- (R40) + RA- (R44),R01 R05 R07 R11 R40 R44 R49 R50 R62,ṯ=š
TA-NA-RA-TE-U-TI-NU,r-ṣ-y,l-ʾ-h,H3811,to tire; (figuratively) to be (or make) disgusted,TA-NA- (R40) + first part of a compound (N07),N07 R01 R07 R09 R40,
TA-NA-RA-TE-U-TI-NU,r-ṣ-y,l-ʾ-ṭ,H3813,to muffle,-NU (R50) + -TI (R49) + TA-NA- (R40),R01 R02 R05 R07 R09 R11 R40 R49 R50,
TA-NA-RA-TE-U-TI-NU,r-ṣ-y,l-h-h,H3856,"to be rabid (figuratively, insane); also (from the exhaustion of frenzy) to languish",TA-NA- (R40) + first part of a compound (N07),N07 R01 R07 R09 R40,
TA-NA-RA-TE-U-TI-NU,r-ṣ-y,l-h-ṭ,H3857,"properly, to lick, i.e. (by implication) to blaze",-NU (R50) + -TI (R49) + TA-NA- (R40),R01 R02 R05 R07 R09 R11 R40 R49 R50,
TA-NA-RA-TE-U-TI-NU,r-ṣ-y,l-w-h,H3867,"properly, to twine, i.e. (by implication) to unite, to remain; also to borrow (as a form of obligation) or (caus.) to lend",TA-NA- (R40) + first part of a compound (N07),N04 N07 R01 R07 R09 R40,
TA-NA-RA-TE-U-TI-NU,r-ṣ-y,l-w-ḥ,H3871,"probably meaning to glisten; a tablet (as polished), of stone, wood or metal",TA-NA- (R40) + first part of a compound (N07),N04 N07 R01 R07 R09 R21 R40,
TA-NA-RA-TE-U-TI-NU,r-ṣ-y,l-w-ṭ,H3874,to wrap up,-NU (R50) + -TI (R49) + TA-NA- (R40),N04 R01 R02 R05 R09 R11 R40 R49 R50,
TA-NA-RA-TE-U-TI-NU,r-ṣ-y,l-w-ʿ,H3886,"to gulp; figuratively, to be rash",TA-NA- (R40) + first part of a compound (N07),N04 N07 R01 R07 R09 R40,
TA-NA-RA-TE-U-TI-NU,r-ṣ-y,l-w-ṣ,H3887,"properly, to make mouths at, i.e. to scoff; hence (from the effort to pronounce a foreign language) to interpret, or (generally) intercede",-NU (R50) + -TI (R49) + TA-NA- (R40),N04 R01 R02 R05 R09 R11 R40 R49 R50,
TA-NA-RA-TE-U-TI-NU,r-ṣ-y,l-w-š,H3888,to knead,-NU (R50) + -TI (R49) + TA-NA- (R40),N04 R01 R02 R05 R09 R11 R40 R49 R50,ṯ=š
TA-NA-RA-TE-U-TI-NU,r-ṣ-y,l-ḥ-ṣ,H3905,"properly, to press, i.e. (figuratively) to distress",-NU (R50) + -TI (R49) + TA-NA- (R40),R01 R02 R05 R07 R09 R11 R21 R40 R49 R50,
TA-NA-RA-TE-U-TI-NU,r-ṣ-y,l-ḥ-š,H3907,"to whisper; by implication, to mumble aspell (as a magician)",-NU (R50) + -TI (R49) + TA-NA- (R40),R01 R02 R05 R07 R09 R11 R21 R40 R49 R50,ṯ=š
TA-NA-RA-TE-U-TI-NU,r-ṣ-y,l-ṭ-š,H3913,"properly, to hammer out (an edge), i.e. to sharpen",-NU (R50) + TA-NA- (R40),R01 R02 R05 R09 R11 R40 R50,ṯ=š
TA-NA-RA-TE-U-TI-NU,r-ṣ-y,l-ʿ-ṭ,H3938,"to swallow greedily; causatively, to feed",-NU (R50) + -TI (R49) + TA-NA- (R40),R01 R02 R05 R07 R09 R11 R40 R49 R50,
TA-NA-RA-TE-U-TI-NU,r-ṣ-y,l-ṣ-ṣ,H3945,to deride,-NU (R50) + TA-NA- (R40),R01 R02 R05 R09 R11 R40 R50,
TA-NA-RA-TE-U-TI-NU,r-ṣ-y,n-ʾ-h,H4998,"properly, to be at home, i.e. (by implication) to be pleasant (or suitable), i.e. beautiful",TA-NA- (R40) + second part of a compound (N07),N07 R01 R07 R40,
TA-NA-RA-TE-U-TI-NU,r-ṣ-y,n-ʾ-r,H5010,to reject,TA- (R39) + first part of a compound (N07),N07 R01 R07 R09 R39,
TA-NA-RA-TE-U-TI-NU,r-ṣ-y,n-h-h,H5091,"to groan, i.e. bewail; hence (through the idea of crying aloud), to assemble (as if on proclamation)",TA-NA- (R40) + second part of a compound (N07),N07 R01 R07 R40,
TA-NA-RA-TE-U-TI-NU,r-ṣ-y,n-h-l,H5095,"properly, to run with asparkle, i.e. flow; hence (transitively), to conduct, and (by inference) to protect, sustain",TA- (R39) + first part of a compound (N07),N07 R01 R07 R09 R39,
TA-NA-RA-TE-U-TI-NU,r-ṣ-y,n-h-r,H5102,"to sparkle, i.e. (figuratively) be cheerful; hence (from the sheen of a running stream) to flow, i.e. (figuratively) assemble",TA- (R39) + first part of a compound (N07),N07 R01 R07 R09 R39,
TA-NA-RA-TE-U-TI-NU,r-ṣ-y,n-w-ʾ,H5106,"to refuse, forbid, dissuade, or neutralize",TA-NA- (R40) + second part of a compound (N07),N04 N07 R01 R07 R40,
TA-NA-RA-TE-U-TI-NU,r-ṣ-y,n-w-h,H5115,"to rest (as at home); causatively (through the implied idea of beauty ), to celebrate (with praises)",TA-NA- (R40) + second part of a compound (N07),N04 N07 R01 R07 R40,
TA-NA-RA-TE-U-TI-NU,r-ṣ-y,n-w-ḥ,H5117,"to rest, i.e. settle down; used in a great variety of applications, literal and figurative, intransitive, transitive and causative (to dwell, stay, let fall, place, let alone, withdraw, give comfort, etc.)",TA-NA- (R40) + second part of a compound (N07),N04 N07 R01 R07 R21 R40,
TA-NA-RA-TE-U-TI-NU,r-ṣ-y,n-w-ʿ,H5128,"to waver, in a great variety of applications, literally and figuratively (as subjoined)",TA-NA- (R40) + second part of a compound (N07),N04 N07 R01 R07 R40,
TA-NA-RA-TE-U-TI-NU,r-ṣ-y,n-ḥ-h,H5148,"to guide; by implication, to transport (into exile, or as colonists)",TA-NA- (R40) + second part of a compound (N07),N07 R01 R07 R21 R40,
TA-NA-RA-TE-U-TI-NU,r-ṣ-y,n-ḥ-l,H5157,"to inherit (as a (figurative) mode of descent), or (generally) to occupy; causatively, to bequeath, or (generally) distribute, instate",TA- (R39) + first part of a compound (N07),N07 R01 R07 R09 R21 R39,
TA-NA-RA-TE-U-TI-NU,r-ṣ-y,n-l-h,H5239,to complete,TA- (R39) + first part of a compound (N07),N07 R01 R07 R09 R39,
TA-NA-RA-TE-U-TI-NU,r-ṣ-y,n-s-h,H5254,"to test; by implication, to attempt",TA-NA- (R40) + second part of a compound (N07),N07 R01 R07 R22 R40,
TA-NA-RA-TE-U-TI-NU,r-ṣ-y,n-s-ḥ,H5255,to tear away,TA-NA- (R40) + second part of a compound (N07),N07 R01 R07 R21 R22 R40,
TA-NA-RA-TE-U-TI-NU,r-ṣ-y,n-s-ʿ,H5265,"properly, to pull up, especially the tent-pins, i.e. start on ajourney",TA-NA- (R40) + second part of a compound (N07),N07 R01 R07 R22 R40,
TA-NA-RA-TE-U-TI-NU,r-ṣ-y,n-ʿ-l,H5274,"properly, to fasten up, i.e. with abar or cord; hence, to sandal, i.e. furnish with slippers",TA- (R39) + first part of a compound (N07),N07 R01 R07 R09 R39,
TA-NA-RA-TE-U-TI-NU,r-ṣ-y,n-ʿ-r,H5286,to growl,TA- (R39) + first part of a compound (N07),N07 R01 R07 R09 R39,
TA-NA-RA-TE-U-TI-NU,r-ṣ-y,s-ʾ-n,H5431,"to shoe, i.e. (active participle) a soldier shod",TA-NA- (R40) + second part of a compound (N07),N07 R01 R07 R22 R40,
TA-NA-RA-TE-U-TI-NU,r-ṣ-y,s-w-r,H5493,to turn off (literal or figurative),TA-NA- (R40) + first part of a compound (N07),N04 N07 R01 R09 R22 R40,
TA-NA-RA-TE-U-TI-NU,r-ṣ-y,s-ḥ-h,H5500,to sweep away,-NU (R50) + -TI (R49) + TA-NA- (R40) + second part of a compound (N07),N07 R01 R07 R22 R40 R49 R50,
TA-NA-RA-TE-U-TI-NU,r-ṣ-y,s-ḥ-r,H5503,"to travel round (specifically as a pedlar); intensively, to palpitate",TA-NA- (R40) + first part of a compound (N07),N07 R01 R07 R09 R21 R22 R40,
TA-NA-RA-TE-U-TI-NU,r-ṣ-y,s-l-ʾ,H5537,"to suspend in a balance, i.e. weigh",TA-NA- (R40) + first part of a compound (N07),N07 R01 R07 R09 R22 R40,
TA-NA-RA-TE-U-TI-NU,r-ṣ-y,s-l-d,H5539,"probably to leap (with joy), i.e. exult",-NU (R50) + -TI (R49) + TA-NA- (R40),R01 R02 R05 R09 R11 R22 R40 R49 R50,
TA-NA-RA-TE-U-TI-NU,r-ṣ-y,s-l-h,H5541,"to hang up, i.e. weigh, or (figuratively) contemn",TA-NA- (R40) + first part of a compound (N07),N07 R01 R07 R09 R22 R40,
TA-NA-RA-TE-U-TI-NU,r-ṣ-y,s-l-ḥ,H5545,to forgive,TA-NA- (R40) + first part of a compound (N07),N07 R01 R07 R09 R21 R22 R40,
TA-NA-RA-TE-U-TI-NU,r-ṣ-y,s-l-l,H5549,"to mound up (especially a turnpike); figurative, to exalt; reflexively, to oppose (as by a dam)",TA-NA- (R40) + first part of a compound (N07),N07 R01 R08 R09 R22 R40,
TA-NA-RA-TE-U-TI-NU,r-ṣ-y,s-ʿ-d,H5582,to suport (mostly figurative),-NU (R50) + -TI (R49) + TA-NA- (R40) + RA- (R44),R01 R02 R05 R07 R11 R22 R40 R44 R49 R50,
TA-NA-RA-TE-U-TI-NU,r-ṣ-y,s-ʿ-h,H5584,to rush,-NU (R50) + -TI (R49) + TA-NA- (R40) + second part of a compound (N07),N07 R01 R07 R22 R40 R49 R50,
TA-NA-RA-TE-U-TI-NU,r-ṣ-y,s-ʿ-r,H5590,"to rush upon; by implication, to toss (transitive or intransitive, literal or figurative)",TA-NA- (R40) + first part of a compound (N07),N07 R01 R07 R09 R22 R40,
TA-NA-RA-TE-U-TI-NU,r-ṣ-y,s-r-d,H5624,"Sered, an Israelite",-NU (R50) + -TI (R49) + TA-NA- (R40),R01 R02 R05 R09 R11 R22 R40 R49 R50,
TA-NA-RA-TE-U-TI-NU,r-ṣ-y,s-r-ḥ,H5628,to extend (even to excess),TA-NA- (R40) + first part of a compound (N07),N07 R01 R07 R09 R21 R22 R40,
TA-NA-RA-TE-U-TI-NU,r-ṣ-y,s-r-r,H5637,"to turn away, i.e. (morally) be refractory",TA-NA- (R40) + first part of a compound (N07),N07 R01 R08 R09 R22 R40,
TA-NA-RA-TE-U-TI-NU,r-ṣ-y,ʿ-d-h,H5710,"to advance, i.e. pass on or continue; causatively, to remove; specifically, to bedeck (i.e. bring an ornament upon)",-NU (R50) + -TI (R49) + TA-NA- (R40) + RA- (R44),R01 R05 R07 R11 R40 R44 R49 R50,
TA-NA-RA-TE-U-TI-NU,r-ṣ-y,ʿ-d-n,H5727,"to be soft or pleasant; figuratively and reflexively, to live voluptuously",TA-NA- (R40) + second part of a compound (N07),N07 R01 R05 R07 R11 R40,
TA-NA-RA-TE-U-TI-NU,r-ṣ-y,ʿ-w-d,H5749,"to duplicate or repeat; by implication, to protest, testify (as by reiteration); intensively, to encompass, restore (as a sort of reduplication)",-NU (R50) + -TI (R49) + TA-NA- (R40) + RA- (R44),N04 R01 R02 R05 R07 R11 R40 R44 R49 R50,
TA-NA-RA-TE-U-TI-NU,r-ṣ-y,ʿ-w-h,H5753,"to crook, literally or figuratively",-NU (R50) + -TI (R49) + TA-NA- (R40) + second part of a compound (N07),N04 N07 R01 R07 R40 R49 R50,
TA-NA-RA-TE-U-TI-NU,r-ṣ-y,ʿ-w-l,H5763,"to suckle, i.e. give milk",TA-NA- (R40) + first part of a compound (N07),N04 N07 R01 R07 R09 R40,
TA-NA-RA-TE-U-TI-NU,r-ṣ-y,ʿ-w-ṣ,H5779,to consult,-NU (R50) + -TI (R49) + TA-NA- (R40) + RA- (R44),N04 R01 R02 R05 R07 R11 R40 R44 R49 R50,
TA-NA-RA-TE-U-TI-NU,r-ṣ-y,ʿ-w-r,H5782,to wake (literally or figuratively),TA-NA- (R40) + first part of a compound (N07),N04 N07 R01 R07 R09 R40,
TA-NA-RA-TE-U-TI-NU,r-ṣ-y,ʿ-w-š,H5789,to hasten,-NU (R50) + -TI (R49) + TA-NA- (R40) + RA- (R44),N04 R01 R02 R05 R07 R11 R40 R44 R49 R50,ṯ=š
TA-NA-RA-TE-U-TI-NU,r-ṣ-y,ʿ-w-t,H5791,to wrest,-NU (R50) + -TI (R49) + TA-NA- (R40) + RA- (R44),N04 R01 R02 R05 R07 R11 R40 R44 R49 R50,
TA-NA-RA-TE-U-TI-NU,r-ṣ-y,ʿ-ṭ-h,H5844,"to wrap, i.e. cover, veil, cloth, or roll",-NU (R50) + -TI (R49) + TA-NA- (R40) + RA- (R44),R01 R05 R07 R11 R40 R44 R49 R50,
TA-NA-RA-TE-U-TI-NU,r-ṣ-y,ʿ-l-h,H5927,"to ascend, intransitively (be high) or actively (mount); used in a great variety of senses, primary and secondary, literal and figurative",TA-NA- (R40) + first part of a compound (N07),N07 R01 R07 R09 R40,
TA-NA-RA-TE-U-TI-NU,r-ṣ-y,ʿ-l-l,H5953,"to effect thoroughly; specifically, to glean (also figuratively); by implication (in a bad sense) to overdo, i.e. maltreat, be saucy to, pain, impose (also literal)",TA-NA- (R40) + first part of a compound (N07),N07 R01 R07 R08 R09 R40,
TA-NA-RA-TE-U-TI-NU,r-ṣ-y,ʿ-l-s,H5965,"to leap for joy, i.e. exult, wave joyously",TA-NA- (R40) + first part of a compound (N07),N07 R01 R07 R09 R22 R40,
TA-NA-RA-TE-U-TI-NU,r-ṣ-y,ʿ-l-ʿ,H5966,to sip up,TA-NA- (R40) + first part of a compound (N07),N07 R01 R07 R09 R40,
TA-NA-RA-TE-U-TI-NU,r-ṣ-y,ʿ-l-ṣ,H5970,"to jump for joy, i.e. exult",-NU (R50) + -TI (R49) + TA-NA- (R40),R01 R02 R05 R07 R09 R11 R40 R49 R50,
TA-NA-RA-TE-U-TI-NU,r-ṣ-y,ʿ-n-h,H6030,"properly, to eye or (generally) to heed, i.e. pay attention; by implication, to respond; by extension to begin to speak; specifically to sing, shout, testify, announce",TA-NA- (R40) + second part of a compound (N07),N07 R01 R07 R40,
TA-NA-RA-TE-U-TI-NU,r-ṣ-y,ʿ-n-n,H6049,"figuratively, to act covertly, i.e. practise magic",TA-NA- (R40) + second part of a compound (N07),N07 R01 R07 R08 R40,
TA-NA-RA-TE-U-TI-NU,r-ṣ-y,ʿ-s-s,H6072,"to squeeze out juice; figuratively, to trample",-NU (R50) + -TI (R49) + TA-NA- (R40) + second part of a compound (N07),N07 R01 R07 R22 R40 R49 R50,
TA-NA-RA-TE-U-TI-NU,r-ṣ-y,ʿ-ṣ-h,H6095,"properly, to fasten (or make firm), i.e. to close (the eyes)",-NU (R50) + -TI (R49) + TA-NA- (R40) + RA- (R44),R01 R05 R07 R11 R40 R44 R49 R50,
TA-NA-RA-TE-U-TI-NU,r-ṣ-y,ʿ-r-h,H6168,"to be (causatively, make) bare; hence, to empty, pour out, demolish",TA-NA- (R40) + first part of a compound (N07),N07 R01 R07 R09 R40,
TA-NA-RA-TE-U-TI-NU,r-ṣ-y,ʿ-r-l,H6188,"to expose or remove the prepuce, whether literal (to go naked) or figurative (to refrain from using)",TA-NA- (R40) + first part of a compound (N07),N07 R01 R07 R09 R24 R40,
TA-NA-RA-TE-U-TI-NU,r-ṣ-y,ʿ-r-ṣ,H6206,"to awe or (intransitive) to dread; hence, to harass",-NU (R50) + -TI (R49) + TA-NA- (R40),R01 R02 R05 R07 R09 R11 R40 R49 R50,
TA-NA-RA-TE-U-TI-NU,r-ṣ-y,ʿ-r-r,H6209,"to bare; figuratively, to demolish",TA-NA- (R40) + first part of a compound (N07),N07 R01 R07 R08 R09 R40,
TA-NA-RA-TE-U-TI-NU,r-ṣ-y,ʿ-š-n,H6225,"to smoke, whether literal or figurative",TA-NA- (R40) + second part of a compound (N07),N07 R01 R05 R07 R11 R40,ṯ=š
TA-NA-RA-TE-U-TI-NU,r-ṣ-y,ʿ-š-š,H6244,"probably to shrink, i.e. fail",-NU (R50) + TA-NA- (R40) + RA- (R44),R01 R02 R05 R07 R11 R40 R44 R50,ṯ=š
TA-NA-RA-TE-U-TI-NU,r-ṣ-y,ʿ-š-t,H6245,"probably to be sleek, i.e. glossy; hence (through the idea of polishing) to excogitate (as if forming in the mind)",-NU (R50) + TA-NA- (R40) + RA- (R44),R01 R02 R05 R07 R11 R40 R44 R50,ṯ=š
TA-NA-RA-TE-U-TI-NU,r-ṣ-y,ʿ-t-d,H6257,to prepare,-NU (R50) + TA-NA- (R40) + RA- (R44),R01 R02 R05 R07 R11 R40 R44 R50,
TA-NA-RA-TE-U-TI-NU,r-ṣ-y,ṣ-d-h,H6658,"to chase; by implication, to desolate",-NU (R50) + TA-NA- (R40) + RA- (R44),R01 R02 R05 R07 R11 R40 R44 R50,
TA-NA-RA-TE-U-TI-NU,r-ṣ-y,ṣ-w-d,H6679,"to lie alongside (i.e. in wait); by implication, to catch an animal (figuratively, men); to victual (for a journey)",-NU (R50) + TA-NA- (R40) + RA- (R44),N06 R01 R05 R11 R40 R44 R50,
TA-NA-RA-TE-U-TI-NU,r-ṣ-y,ṣ-w-h,H6680,"(intensively) to constitute, enjoin",-NU (R50) + -TI (R49) + TA-NA- (R40) + RA- (R44),N04 R01 R05 R07 R11 R40 R44 R49 R50,
TA-NA-RA-TE-U-TI-NU,r-ṣ-y,ṣ-w-ḥ,H6681,to screech (exultingly),-NU (R50) + -TI (R49) + TA-NA- (R40) + RA- (R44),N04 R01 R05 R07 R11 R40 R44 R49 R50,
TA-NA-RA-TE-U-TI-NU,r-ṣ-y,ṣ-w-ṣ,H6692,"to twinkle, i.e. glance; by analogy, to blossom (figuratively, flourish)",-NU (R50) + TA-NA- (R40) + RA- (R44),N06 R01 R05 R11 R40 R44 R50,
TA-NA-RA-TE-U-TI-NU,r-ṣ-y,ṣ-w-t,H6702,to blaze,-NU (R50) + TA-NA- (R40) + RA- (R44),N06 R01 R05 R11 R40 R44 R50,
TA-NA-RA-TE-U-TI-NU,r-ṣ-y,ṣ-ḥ-ḥ,H6705,"to glare, i.e. be dazzling white",-NU (R50) + -TI (R49) + TA-NA- (R40) + RA- (R44),R01 R05 R07 R11 R21 R40 R44 R49 R50,
TA-NA-RA-TE-U-TI-NU,r-ṣ-y,ṣ-n-ḥ,H6795,"to alight; (transitive) to cause to descend, i.e. drive down",TA-NA- (R40) + second part of a compound (N07),N07 R01 R05 R07 R11 R21 R40,
TA-NA-RA-TE-U-TI-NU,r-ṣ-y,ṣ-n-ʿ,H6800,to humiliate,TA-NA- (R40) + second part of a compound (N07),N07 R01 R05 R07 R11 R40,
TA-NA-RA-TE-U-TI-NU,r-ṣ-y,ṣ-ʿ-d,H6805,"to pace, i.e. step regularly; (upward) to mount; (along) to march; (down and causatively) to hurl",-NU (R50) + TA-NA- (R40) + RA- (R44),R01 R05 R07 R11 R40 R44 R50,
TA-NA-RA-TE-U-TI-NU,r-ṣ-y,ṣ-ʿ-h,H6808,"to tip over (for the purpose of spilling or pouring out), i.e. (figuratively) depopulate; by implication, to imprison or conquer; (reflexive) to lie down (for coitus)",-NU (R50) + -TI (R49) + TA-NA- (R40) + RA- (R44),R01 R05 R07 R11 R40 R44 R49 R50,
TA-NA-RA-TE-U-TI-NU,r-ṣ-y,ṣ-ʿ-n,H6813,"to load up (beasts), i.e. to migrate",TA-NA- (R40) + second part of a compound (N07),N07 R01 R05 R07 R11 R40,
TA-NA-RA-TE-U-TI-NU,r-ṣ-y,ṣ-r-ḥ,H6873,"to be clear (in tone, i.e. shrill), i.e. to whoop",-NU (R50) + -TI (R49) + TA-NA- (R40) + RA- (R44),R01 R05 R07 R11 R24 R40 R44 R49 R50,
TA-NA-RA-TE-U-TI-NU,r-ṣ-y,ṣ-r-ʿ,H6879,"to scourge, i.e. (intransitive and figurative) to be stricken with leprosy",-NU (R50) + -TI (R49) + TA-NA- (R40) + RA- (R44),R01 R05 R07 R11 R24 R40 R44 R49 R50,
TA-NA-RA-TE-U-TI-NU,r-ṣ-y,r-ʾ-h,H7200,"to see, literally or figuratively (in numerous applications, direct and implied, transitive, intransitive and causative)",TA-NA- (R40) + first part of a compound (N07),N07 R01 R07 R09 R40,
TA-NA-RA-TE-U-TI-NU,r-ṣ-y,r-d-d,H7286,"to tread in pieces, i.e. (figuratively) to conquer, or (specifically) to overlay",-NU (R50) + TA-NA- (R40),R01 R02 R05 R09 R11 R40 R50,
TA-NA-RA-TE-U-TI-NU,r-ṣ-y,r-d-h,H7287,"to tread down, i.e. subjugate; specifically, to crumble off",-NU (R50) + -TI (R49) + TA-NA- (R40),R01 R05 R07 R09 R11 R40 R49 R50,
TA-NA-RA-TE-U-TI-NU,r-ṣ-y,r-h-h,H7297,to fear,TA-NA- (R40) + first part of a compound (N07),N07 R01 R07 R09 R40,
TA-NA-RA-TE-U-TI-NU,r-ṣ-y,r-w-d,H7300,"to tramp about, i.e. ramble (free or disconsolate)",-NU (R50) + -TI (R49) + TA-NA- (R40),N04 R01 R02 R05 R09 R11 R40 R49 R50,
TA-NA-RA-TE-U-TI-NU,r-ṣ-y,r-w-h,H7301,to slake the thirst (occasionally of other appetites),TA-NA- (R40) + first part of a compound (N07),N04 N07 R01 R07 R09 R40,
TA-NA-RA-TE-U-TI-NU,r-ṣ-y,r-w-ḥ,H7304,"properly, to breathe freely, i.e. revive; by implication, to have ample room",TA-NA- (R40) + first part of a compound (N07),N04 N07 R01 R07 R09 R21 R40,
TA-NA-RA-TE-U-TI-NU,r-ṣ-y,r-w-ʿ,H7321,"to mar (especially by breaking); figuratively, to split the ears (with sound), i.e. shout (for alarm or joy)",TA-NA- (R40) + first part of a compound (N07),N04 N07 R01 R07 R09 R40,
TA-NA-RA-TE-U-TI-NU,r-ṣ-y,r-w-ṣ,H7323,"to run (for whatever reason, especially to rush)",-NU (R50) + -TI (R49) + TA-NA- (R40),N04 R01 R02 R05 R09 R11 R40 R49 R50,
TA-NA-RA-TE-U-TI-NU,r-ṣ-y,r-w-r,H7325,"to slaver (with spittle), i.e. (by analogy) to emit afluid (ulcerous or natural)",TA-NA- (R40) + first part of a compound (N07),N04 N07 R01 R09 R24 R40,
TA-NA-RA-TE-U-TI-NU,r-ṣ-y,r-w-š,H7326,to be destitute,-NU (R50) + -TI (R49) + TA-NA- (R40),N04 R01 R02 R05 R09 R11 R40 R49 R50,ṯ=š
TA-NA-RA-TE-U-TI-NU,r-ṣ-y,r-ḥ-ṣ,H7364,to lave (the whole or a part of a thing),-NU (R50) + -TI (R49) + TA-NA- (R40),R01 R02 R05 R07 R09 R11 R21 R40 R49 R50,
TA-NA-RA-TE-U-TI-NU,r-ṣ-y,r-ḥ-š,H7370,to gush,-NU (R50) + -TI (R49) + TA-NA- (R40),R01 R02 R05 R07 R09 R11 R21 R40 R49 R50,ṯ=š
TA-NA-RA-TE-U-TI-NU,r-ṣ-y,r-ṭ-š,H7376,to dash down,-NU (R50) + TA-NA- (R40),R01 R02 R05 R09 R11 R40 R50,ṯ=š
TA-NA-RA-TE-U-TI-NU,r-ṣ-y,r-n-h,H7439,to whiz,TA-NA- (R40) + second part of a compound (N07),N07 R01 R07 R24 R40,
TA-NA-RA-TE-U-TI-NU,r-ṣ-y,r-n-n,H7442,"properly, to creak (or emit a stridulous sound), i.e. to shout (usually for joy)",TA-NA- (R40) + second part of a compound (N07),N07 R01 R08 R24 R40,
TA-NA-RA-TE-U-TI-NU,r-ṣ-y,r-s-s,H7450,to moisten (with drops),TA-NA- (R40) + first part of a compound (N07),N07 R01 R09 R22 R40,
TA-NA-RA-TE-U-TI-NU,r-ṣ-y,r-ʿ-d,H7460,to shudder (more or less violently),-NU (R50) + -TI (R49) + TA-NA- (R40),R01 R02 R05 R07 R09 R11 R40 R49 R50,
TA-NA-RA-TE-U-TI-NU,r-ṣ-y,r-ʿ-h,H7462,"to tend a flock; i.e. pasture it; intransitively, to graze (literally or figuratively); generally to rule; by extension, to associate with (as a friend)",TA-NA- (R40) + first part of a compound (N07),N07 R01 R07 R09 R40,
TA-NA-RA-TE-U-TI-NU,r-ṣ-y,r-ʿ-l,H7477,"to reel, i.e. (figuratively) to brandish",TA-NA- (R40) + first part of a compound (N07),N07 R01 R07 R09 R24 R40,
TA-NA-RA-TE-U-TI-NU,r-ṣ-y,r-ʿ-ʿ,H7489,"properly, to spoil (literally, by breaking to pieces); figuratively, to make (or be) good fornothing, i.e. bad (physically, socially or morally)",TA-NA- (R40) + first part of a compound (N07),N07 R01 R07 R09 R40,
TA-NA-RA-TE-U-TI-NU,r-ṣ-y,r-ʿ-ṣ,H7492,"to break in pieces; figuratively, harass",-NU (R50) + -TI (R49) + TA-NA- (R40),R01 R02 R05 R07 R09 R11 R40 R49 R50,
TA-NA-RA-TE-U-TI-NU,r-ṣ-y,r-ʿ-š,H7493,"to undulate (as the earth, the sky, etc.; also a field of grain), particularly through fear; specifically, to spring (as a locust)",-NU (R50) + -TI (R49) + TA-NA- (R40),R01 R02 R05 R07 R09 R11 R40 R49 R50,ṯ=š
TA-NA-RA-TE-U-TI-NU,r-ṣ-y,r-ṣ-ʾ,H7519,to run; also to delight in,-NU (R50) + -TI (R49) + TA-NA- (R40),R01 R05 R07 R09 R11 R40 R49 R50,
TA-NA-RA-TE-U-TI-NU,r-ṣ-y,r-ṣ-d,H7520,"probably to look askant, i.e. (figuratively) be jealous",-NU (R50) + TA-NA- (R40),R01 R02 R05 R09 R11 R40 R50,
TA-NA-RA-TE-U-TI-NU,r-ṣ-y,r-ṣ-h,H7521,"to be pleased with; specifically, to satisfy adebt",-NU (R50) + -TI (R49) + TA-NA- (R40),R01 R05 R07 R09 R11 R40 R49 R50,
TA-NA-RA-TE-U-TI-NU,r-ṣ-y,r-ṣ-ḥ,H7523,"properly, to dash in pieces, i.e. kill (a human being), especially to murder",-NU (R50) + -TI (R49) + TA-NA- (R40),R01 R05 R07 R09 R11 R40 R49 R50,
TA-NA-RA-TE-U-TI-NU,r-ṣ-y,r-ṣ-ʿ,H7527,to pierce,-NU (R50) + -TI (R49) + TA-NA- (R40),R01 R05 R07 R09 R11 R40 R49 R50,
TA-NA-RA-TE-U-TI-NU,r-ṣ-y,r-ṣ-ṣ,H7533,"to crack in pieces, literally or figuratively",-NU (R50) + TA-NA- (R40),R01 R02 R05 R09 R11 R40 R50,
TA-NA-RA-TE-U-TI-NU,r-ṣ-y,r-š-ʿ,H7561,"to be (causatively, do or declare) wrong; by implication, to disturb, violate",-NU (R50) + -TI (R49) + TA-NA- (R40),R01 R05 R07 R09 R11 R40 R49 R50,ṯ=š
TA-NA-RA-TE-U-TI-NU,r-ṣ-y,r-š-š,H7567,to demolish,-NU (R50) + TA-NA- (R40),R01 R02 R05 R09 R11 R40 R50,ṯ=š
TA-NA-RA-TE-U-TI-NU,r-ṣ-y,r-t-ḥ,H7570,to boil,-NU (R50) + -TI (R49) + TA-NA- (R40),R01 R05 R07 R09 R11 R40 R49 R50,
TA-NA-RA-TE-U-TI-NU,r-ṣ-y,š-ʾ-h,H7582,"to rush; by implication, to desolate",-NU (R50) + -TI (R49) + TA-NA- (R40) + RA- (R44),R01 R05 R07 R11 R40 R44 R49 R50,ṯ=š
TA-NA-RA-TE-U-TI-NU,r-ṣ-y,š-ʾ-n,H7599,"to loll, i.e. be peaceful",TA-NA- (R40) + second part of a compound (N07),N07 R01 R05 R07 R11 R40,ṯ=š
TA-NA-RA-TE-U-TI-NU,r-ṣ-y,š-ʾ-s,H7601,to plunder,-NU (R50) + -TI (R49) + TA-NA- (R40) + RA- (R44),R01 R05 R07 R11 R22 R40 R44 R49 R50,ṯ=š
TA-NA-RA-TE-U-TI-NU,r-ṣ-y,š-d-d,H7703,"properly, to be burly, i.e. (figuratively) powerful (passively, impregnable); by implication, to ravage",-NU (R50) + TA-NA- (R40) + RA- (R44),R01 R02 R05 R08 R11 R40 R44 R50,ṯ=š
TA-NA-RA-TE-U-TI-NU,r-ṣ-y,š-w-d,H7736,"properly, to swell up, i.e. figuratively (by implication of insolence) to devastate",-NU (R50) + TA-NA- (R40) + RA- (R44),N06 R01 R05 R11 R40 R44 R50,ṯ=š
TA-NA-RA-TE-U-TI-NU,r-ṣ-y,š-w-h,H7737,"properly, to level, i.e. equalize; figuratively, to resemble; by implication, to adjust (i.e. counterbalance, be suitable, compose, place, yield, etc.)",-NU (R50) + -TI (R49) + TA-NA- (R40) + RA- (R44),N04 R01 R05 R07 R11 R40 R44 R49 R50,ṯ=š
TA-NA-RA-TE-U-TI-NU,r-ṣ-y,š-w-ḥ,H7743,"to sink, literally or figuratively",-NU (R50) + -TI (R49) + TA-NA- (R40) + RA- (R44),N04 R01 R05 R07 R11 R40 R44 R49 R50,ṯ=š
TA-NA-RA-TE-U-TI-NU,r-ṣ-y,š-w-ṭ,H7751,"properly, to push forth; (but used only figuratively) to lash, i.e. (the sea with oars) to row; by implication, to travel",-NU (R50) + TA-NA- (R40) + RA- (R44),N06 R01 R05 R11 R40 R44 R50,ṯ=š
TA-NA-RA-TE-U-TI-NU,r-ṣ-y,š-w-ʿ,H7768,"properly, to be free; but used only causatively and reflexively, to halloo (for help, i.e. freedom from some trouble)",-NU (R50) + -TI (R49) + TA-NA- (R40) + RA- (R44),N04 R01 R05 R07 R11 R40 R44 R49 R50,ṯ=š
TA-NA-RA-TE-U-TI-NU,r-ṣ-y,š-ḥ-d,H7809,"to donate, i.e. bribe",-NU (R50) + TA-NA- (R40) + RA- (R44),R01 R05 R07 R11 R40 R44 R50,ṯ=š
TA-NA-RA-TE-U-TI-NU,r-ṣ-y,š-ḥ-h,H7812,"to depress, i.e. prostrate (especially reflexive, in homage to royalty or God)",-NU (R50) + -TI (R49) + TA-NA- (R40) + RA- (R44),R01 R05 R07 R11 R40 R44 R49 R50,ṯ=š
TA-NA-RA-TE-U-TI-NU,r-ṣ-y,š-ḥ-ḥ,H7817,to sink or depress (reflexive or causative),-NU (R50) + -TI (R49) + TA-NA- (R40) + RA- (R44),R01 R05 R07 R11 R21 R40 R44 R49 R50,ṯ=š
TA-NA-RA-TE-U-TI-NU,r-ṣ-y,š-ḥ-ṭ,H7819,to slaughter (in sacrifice or massacre),-NU (R50) + TA-NA- (R40) + RA- (R44),R01 R05 R07 R11 R40 R44 R50,ṯ=š
TA-NA-RA-TE-U-TI-NU,r-ṣ-y,š-ḥ-t,H7843,"to decay, i.e. (causatively) ruin (literally or figuratively)",-NU (R50) + TA-NA- (R40) + RA- (R44),R01 R05 R07 R11 R40 R44 R50,ṯ=š
TA-NA-RA-TE-U-TI-NU,r-ṣ-y,š-ṭ-ḥ,H7849,to expand,-NU (R50) + TA-NA- (R40) + RA- (R44),R01 R02 R05 R07 R11 R21 R40 R44 R50,ṯ=š
TA-NA-RA-TE-U-TI-NU,r-ṣ-y,š-n-ʾ,H8132,to alter,TA-NA- (R40) + second part of a compound (N07),N07 R01 R05 R07 R11 R40,ṯ=š
TA-NA-RA-TE-U-TI-NU,r-ṣ-y,š-n-h,H8138,"to fold, i.e. duplicate (literally or figuratively); by implication, to transmute (transitive or intransitive)",TA-NA- (R40) + second part of a compound (N07),N07 R01 R05 R07 R11 R40,ṯ=š
TA-NA-RA-TE-U-TI-NU,r-ṣ-y,š-n-n,H8150,"to point (transitive or intransitive); intensively, to pierce; figuratively, to inculcate",TA-NA- (R40) + second part of a compound (N07),N07 R01 R05 R08 R11 R40,ṯ=š
TA-NA-RA-TE-U-TI-NU,r-ṣ-y,š-s-h,H8154,to plunder,-NU (R50) + -TI (R49) + TA-NA- (R40) + RA- (R44),R01 R05 R07 R11 R22 R40 R44 R49 R50,ṯ=š
TA-NA-RA-TE-U-TI-NU,r-ṣ-y,š-s-s,H8155,to plunder,-NU (R50) + -TI (R49) + TA-NA- (R40) + RA- (R44),R01 R02 R05 R11 R22 R40 R44 R49 R50,ṯ=š
TA-NA-RA-TE-U-TI-NU,r-ṣ-y,š-s-ʿ,H8156,"to split or tear; figuratively, to upbraid",-NU (R50) + -TI (R49) + TA-NA- (R40) + RA- (R44),R01 R05 R07 R11 R22 R40 R44 R49 R50,ṯ=š
TA-NA-RA-TE-U-TI-NU,r-ṣ-y,š-ʿ-h,H8159,"to gaze at or about (properly, for help); by implication, to inspect, consider, compassionate, be nonplussed (as looking around in amazement) or bewildered",-NU (R50) + -TI (R49) + TA-NA- (R40) + RA- (R44),R01 R05 R07 R11 R40 R44 R49 R50,ṯ=š
TA-NA-RA-TE-U-TI-NU,r-ṣ-y,š-ʿ-n,H8172,to support one's self,TA-NA- (R40) + second part of a compound (N07),N07 R01 R05 R07 R11 R40,ṯ=š
TA-NA-RA-TE-U-TI-NU,r-ṣ-y,š-ʿ-ʿ,H8173,"(in a good acceptation) to look upon (with complacency), i.e. fondle, please or amuse (self); (in a bad one) to look about (in dismay), i.e. stare",-NU (R50) + -TI (R49) + TA-NA- (R40) + RA- (R44),R01 R05 R07 R11 R40 R44 R49 R50,ṯ=š
TA-NA-RA-TE-U-TI-NU,r-ṣ-y,š-r-h,H8281,to free,-NU (R50) + -TI (R49) + TA-NA- (R40) + RA- (R44),R01 R05 R07 R11 R24 R40 R44 R49 R50,ṯ=š
TA-NA-RA-TE-U-TI-NU,r-ṣ-y,š-r-ṣ,H8317,"to wriggle, i.e. (by implication) swarm or abound",-NU (R50) + TA-NA- (R40) + RA- (R44),R01 R02 R05 R11 R24 R40 R44 R50,ṯ=š
TA-NA-RA-TE-U-TI-NU,r-ṣ-y,š-r-š,H8327,"to root, i.e. strike into the soil, or (by implication) to pluck from it",-NU (R50) + TA-NA- (R40) + RA- (R44),R01 R02 R05 R11 R24 R40 R44 R50,ṯ=š
TA-NA-RA-TE-U-TI-NU,r-ṣ-y,š-r-t,H8334,"to attend as a menial or worshipper; figuratively, to contribute to",-NU (R50) + TA-NA- (R40) + RA- (R44),R01 R02 R05 R11 R24 R40 R44 R50,ṯ=š
TA-NA-RA-TE-U-TI-NU,r-ṣ-y,š-š-ʾ,H8338,to annihilate,-NU (R50) + TA-NA- (R40) + RA- (R44),R01 R02 R05 R07 R11 R40 R44 R50,ṯ=š
TA-NA-RA-TE-U-TI-NU,r-ṣ-y,š-t-h,H8354,to imbibe (literally or figuratively),-NU (R50) + TA-NA- (R40) + RA- (R44),R01 R02 R05 R07 R11 R40 R44 R50,ṯ=š
TA-NA-RA-TE-U-TI-NU,r-ṣ-y,š-t-n,H8366,"(causatively) to make water, i.e. urinate",TA-NA- (R40) + RA- (R44),R01 R02 R05 R11 R40 R44,ṯ=š
TA-NA-RA-TE-U-TI-NU,r-ṣ-y,š-t-t,H8371,"to place, i.e. array; reflex. to lie",-NU (R50) + TA-NA- (R40) + RA- (R44),R01 R02 R05 R08 R11 R40 R44 R50,ṯ=š
TA-NA-RA-TE-U-TI-NU,r-ṣ-y,t-ʾ-h,H8376,"to mark off, i.e. (intensively) designate",-NU (R50) + -TI (R49) + TA-NA- (R40) + RA- (R44),R01 R05 R07 R11 R40 R44 R49 R50,
TA-NA-RA-TE-U-TI-NU,r-ṣ-y,t-w-h,H8427,"to mark out, i.e. (primitive) scratch or (definite) imprint",-NU (R50) + -TI (R49) + TA-NA- (R40) + RA- (R44),N04 R01 R05 R07 R11 R40 R44 R49 R50,
TA-NA-RA-TE-U-TI-NU,r-ṣ-y,t-n-h,H8566,"to present (a mercenary inducement), i.e. bargain with (a harlot)",TA-NA- (R40) + second part of a compound (N07),N07 R01 R05 R07 R11 R40,
TA-NA-RA-TE-U-TI-NU,r-ṣ-y,t-ʿ-h,H8582,"to vacillate, i.e. reel or stray (literally or figuratively); also causative of both",-NU (R50) + -TI (R49) + TA-NA- (R40) + RA- (R44),R01 R05 R07 R11 R40 R44 R49 R50,
TA-NA-RA-TE-U-TI-NU,r-ṣ-y,t-ʿ-ʿ,H8591,"to cheat; by analogy, to maltreat",-NU (R50) + -TI (R49) + TA-NA- (R40) + RA- (R44),R01 R05 R07 R11 R40 R44 R49 R50,
